order,date,closing_price,trading_volume,number_of_issued_shares,revenue,NetIncome
1,2015-01-02,26600,175499,147299337,471179.2,46258.2
2,2015-01-05,26660,202790,147299337,471179.2,46258.2
3,2015-01-06,25900,304710,147299337,471179.2,46258.2
4,2015-01-07,26140,286455,147299337,471179.2,46258.2
5,2015-01-08,26280,289552,147299337,471179.2,46258.2
6,2015-01-09,26280,186248,147299337,471179.2,46258.2
7,2015-01-12,26320,166508,147299337,471179.2,46258.2
8,2015-01-13,26780,245868,147299337,471179.2,46258.2
9,2015-01-14,26900,286645,147299337,471179.2,46258.2
10,2015-01-15,26680,282078,147299337,471179.2,46258.2
11,2015-01-16,26320,271370,147299337,471179.2,46258.2
12,2015-01-19,26860,133459,147299337,471179.2,46258.2
13,2015-01-20,27440,265561,147299337,471179.2,46258.2
14,2015-01-21,27900,332253,147299337,471179.2,46258.2
15,2015-01-22,27560,359154,147299337,471179.2,46258.2
16,2015-01-23,27720,257175,147299337,471179.2,46258.2
17,2015-01-26,27780,203070,147299337,471179.2,46258.2
18,2015-01-27,28000,199144,147299337,471179.2,46258.2
19,2015-01-28,27560,216630,147299337,471179.2,46258.2
20,2015-01-29,27200,274045,147299337,471179.2,46258.2
21,2015-01-30,27300,322200,147299337,471179.2,46258.2
22,2015-02-02,27360,210420,147299337,471179.2,46258.2
23,2015-02-03,27320,113088,147299337,471179.2,46258.2
24,2015-02-04,27180,186578,147299337,471179.2,46258.2
25,2015-02-05,27160,135408,147299337,471179.2,46258.2
26,2015-02-06,27440,160101,147299337,471179.2,46258.2
27,2015-02-09,27900,173870,147299337,471179.2,46258.2
28,2015-02-10,27560,130387,147299337,471179.2,46258.2
29,2015-02-11,27100,199476,147299337,471179.2,46258.2
30,2015-02-12,26880,214964,147299337,471179.2,46258.2
31,2015-02-13,27220,130458,147299337,471179.2,46258.2
32,2015-02-16,27480,124530,147299337,471179.2,46258.2
33,2015-02-17,27540,114900,147299337,471179.2,46258.2
34,2015-02-23,27340,306036,147299337,471179.2,46258.2
35,2015-02-24,27340,217265,147299337,471179.2,46258.2
36,2015-02-25,27580,167485,147299337,471179.2,46258.2
37,2015-02-26,27500,163583,147299337,471179.2,46258.2
38,2015-02-27,27140,260188,147299337,471179.2,46258.2
39,2015-03-02,28460,436112,147299337,471179.2,46258.2
40,2015-03-03,28360,274976,147299337,471179.2,46258.2
41,2015-03-04,28740,232062,147299337,471179.2,46258.2
42,2015-03-05,28440,192312,147299337,471179.2,46258.2
43,2015-03-06,28840,234670,147299337,471179.2,46258.2
44,2015-03-09,28400,156292,147299337,471179.2,46258.2
45,2015-03-10,28420,208397,147299337,471179.2,46258.2
46,2015-03-11,29480,422173,147299337,471179.2,46258.2
47,2015-03-12,28940,383064,147299337,471179.2,46258.2
48,2015-03-13,29140,188262,147299337,471179.2,46258.2
49,2015-03-16,29400,179491,147299337,471179.2,46258.2
50,2015-03-17,29940,273223,147299337,471179.2,46258.2
51,2015-03-18,30060,249287,147299337,471179.2,46258.2
52,2015-03-19,29400,264516,147299337,471179.2,46258.2
53,2015-03-20,29280,254099,147299337,471179.2,46258.2
54,2015-03-23,29340,162458,147299337,471179.2,46258.2
55,2015-03-24,29520,182263,147299337,471179.2,46258.2
56,2015-03-25,29700,187381,147299337,471179.2,46258.2
57,2015-03-26,28420,420119,147299337,471179.2,46258.2
58,2015-03-27,28420,321316,147299337,471179.2,46258.2
59,2015-03-30,28560,179110,147299337,471179.2,46258.2
60,2015-03-31,28820,196853,147299337,471179.2,46258.2
61,2015-04-01,28460,145321,147299337,485375.4,57523
62,2015-04-02,28680,138068,147299337,485375.4,57523
63,2015-04-03,28680,125403,147299337,485375.4,57523
64,2015-04-06,29400,211652,147299337,485375.4,57523
65,2015-04-07,29240,190521,147299337,485375.4,57523
66,2015-04-08,29580,155468,147299337,485375.4,57523
67,2015-04-09,29660,182151,147299337,485375.4,57523
68,2015-04-10,29800,199202,147299337,485375.4,57523
69,2015-04-13,29580,205866,147299337,485375.4,57523
70,2015-04-14,29480,188595,147299337,485375.4,57523
71,2015-04-15,28920,271021,147299337,485375.4,57523
72,2015-04-16,29540,215247,147299337,485375.4,57523
73,2015-04-17,29000,203446,147299337,485375.4,57523
74,2015-04-20,28600,247898,147299337,485375.4,57523
75,2015-04-21,28880,237053,147299337,485375.4,57523
76,2015-04-22,29220,253111,147299337,485375.4,57523
77,2015-04-23,29020,184903,147299337,485375.4,57523
78,2015-04-24,28200,381798,147299337,485375.4,57523
79,2015-04-27,27900,330343,147299337,485375.4,57523
80,2015-04-28,27320,313946,147299337,485375.4,57523
81,2015-04-29,27700,217913,147299337,485375.4,57523
82,2015-04-30,28200,367057,147299337,485375.4,57523
83,2015-05-04,28000,165674,147299337,485375.4,57523
84,2015-05-06,27240,265410,147299337,485375.4,57523
85,2015-05-07,27400,205148,147299337,485375.4,57523
86,2015-05-08,26760,189762,147299337,485375.4,57523
87,2015-05-11,26720,192809,147299337,485375.4,57523
88,2015-05-12,26620,212664,147299337,485375.4,57523
89,2015-05-13,26660,197545,147299337,485375.4,57523
90,2015-05-14,26800,169770,147299337,485375.4,57523
91,2015-05-15,26520,178447,147299337,485375.4,57523
92,2015-05-18,26400,192537,147299337,485375.4,57523
93,2015-05-19,26760,173618,147299337,485375.4,57523
94,2015-05-20,27320,205829,147299337,485375.4,57523
95,2015-05-21,27040,144212,147299337,485375.4,57523
96,2015-05-22,27000,163916,147299337,485375.4,57523
97,2015-05-26,27240,200683,147299337,485375.4,57523
98,2015-05-27,26280,345309,147299337,485375.4,57523
99,2015-05-28,26180,300963,147299337,485375.4,57523
100,2015-05-29,26140,347615,147299337,485375.4,57523
101,2015-06-01,25820,218439,147299337,485375.4,57523
102,2015-06-02,26060,175151,147299337,485375.4,57523
103,2015-06-03,25460,235388,147299337,485375.4,57523
104,2015-06-04,26740,388239,147299337,485375.4,57523
105,2015-06-05,26820,196563,147299337,485375.4,57523
106,2015-06-08,26280,202379,147299337,485375.4,57523
107,2015-06-09,25640,274705,147299337,485375.4,57523
108,2015-06-10,25240,250034,147299337,485375.4,57523
109,2015-06-11,25140,306281,147299337,485375.4,57523
110,2015-06-12,25540,234830,147299337,485375.4,57523
111,2015-06-15,25400,161356,147299337,485375.4,57523
112,2015-06-16,25100,255352,147299337,485375.4,57523
113,2015-06-17,25080,189046,147299337,485375.4,57523
114,2015-06-18,25300,164952,147299337,485375.4,57523
115,2015-06-19,25320,141895,147299337,485375.4,57523
116,2015-06-22,25620,127418,147299337,485375.4,57523
117,2015-06-23,26420,203180,147299337,485375.4,57523
118,2015-06-24,26040,203960,147299337,485375.4,57523
119,2015-06-25,25380,213916,147299337,485375.4,57523
120,2015-06-26,25560,206950,147299337,485375.4,57523
121,2015-06-29,25620,230399,147299337,485375.4,57523
122,2015-06-30,25360,197407,147299337,485375.4,57523
123,2015-07-01,25900,166498,147299337,516825.7,54585.6
124,2015-07-02,25980,164460,147299337,516825.7,54585.6
125,2015-07-03,25360,142604,147299337,516825.7,54585.6
126,2015-07-06,24600,201999,147299337,516825.7,54585.6
127,2015-07-07,24800,249565,147299337,516825.7,54585.6
128,2015-07-08,24780,235619,147299337,516825.7,54585.6
129,2015-07-09,25300,280610,147299337,516825.7,54585.6
130,2015-07-10,25180,191468,147299337,516825.7,54585.6
131,2015-07-13,25320,153441,147299337,516825.7,54585.6
132,2015-07-14,24500,399794,147299337,516825.7,54585.6
133,2015-07-15,24700,167413,147299337,516825.7,54585.6
134,2015-07-16,25640,223469,147299337,516825.7,54585.6
135,2015-07-17,26100,297233,147299337,516825.7,54585.6
136,2015-07-20,25500,128928,147299337,516825.7,54585.6
137,2015-07-21,25260,194055,147299337,516825.7,54585.6
138,2015-07-22,25060,268323,147299337,516825.7,54585.6
139,2015-07-23,24680,208965,147299337,516825.7,54585.6
140,2015-07-24,24580,196584,147299337,516825.7,54585.6
141,2015-07-27,24600,243040,147299337,516825.7,54585.6
142,2015-07-28,24600,267627,147299337,516825.7,54585.6
143,2015-07-29,25260,274689,147299337,516825.7,54585.6
144,2015-07-30,24300,308392,147299337,516825.7,54585.6
145,2015-07-31,23700,391589,147299337,516825.7,54585.6
146,2015-08-03,23500,196891,147299337,516825.7,54585.6
147,2015-08-04,23640,256887,147299337,516825.7,54585.6
148,2015-08-05,23180,256050,147299337,516825.7,54585.6
149,2015-08-06,22300,403981,147299337,516825.7,54585.6
150,2015-08-07,22720,275742,147299337,516825.7,54585.6
151,2015-08-10,22820,114450,147299337,516825.7,54585.6
152,2015-08-11,23140,233286,147299337,516825.7,54585.6
153,2015-08-12,23080,223080,147299337,516825.7,54585.6
154,2015-08-13,22800,150411,147299337,516825.7,54585.6
155,2015-08-17,22080,227217,147299337,516825.7,54585.6
156,2015-08-18,22620,231672,147299337,516825.7,54585.6
157,2015-08-19,23080,401415,147299337,516825.7,54585.6
158,2015-08-20,22780,216119,147299337,516825.7,54585.6
159,2015-08-21,22020,408851,147299337,516825.7,54585.6
160,2015-08-24,21580,448592,147299337,516825.7,54585.6
161,2015-08-25,21580,392519,147299337,516825.7,54585.6
162,2015-08-26,21340,558952,147299337,516825.7,54585.6
163,2015-08-27,21340,495388,147299337,516825.7,54585.6
164,2015-08-28,21620,462223,147299337,516825.7,54585.6
165,2015-08-31,21780,408309,147299337,516825.7,54585.6
166,2015-09-01,21700,240372,147299337,533154.5,32234.6
167,2015-09-02,21800,312683,147299337,533154.5,32234.6
168,2015-09-03,22440,305142,147299337,533154.5,32234.6
169,2015-09-04,22580,251734,147299337,533154.5,32234.6
170,2015-09-07,22240,191805,147299337,533154.5,32234.6
171,2015-09-08,22620,182330,147299337,533154.5,32234.6
172,2015-09-09,22940,259376,147299337,533154.5,32234.6
173,2015-09-10,22680,362568,147299337,533154.5,32234.6
174,2015-09-11,22300,204167,147299337,533154.5,32234.6
175,2015-09-14,22480,167073,147299337,533154.5,32234.6
176,2015-09-15,22460,232956,147299337,533154.5,32234.6
177,2015-09-16,23040,343763,147299337,533154.5,32234.6
178,2015-09-17,23140,273960,147299337,533154.5,32234.6
179,2015-09-18,23800,436270,147299337,533154.5,32234.6
180,2015-09-21,23000,205359,147299337,533154.5,32234.6
181,2015-09-22,22900,250675,147299337,533154.5,32234.6
182,2015-09-23,22620,197649,147299337,533154.5,32234.6
183,2015-09-24,22520,132721,147299337,533154.5,32234.6
184,2015-09-25,22240,209160,147299337,533154.5,32234.6
185,2015-09-30,22680,458936,147299337,533154.5,32234.6
186,2015-10-01,22680,241041,147299337,533154.5,32234.6
187,2015-10-02,22380,274302,147299337,533154.5,32234.6
188,2015-10-05,22300,241935,147299337,533154.5,32234.6
189,2015-10-06,23020,382987,147299337,533154.5,32234.6
190,2015-10-07,25020,799502,147299337,533154.5,32234.6
191,2015-10-08,25400,570677,147299337,533154.5,32234.6
192,2015-10-12,25200,378974,147299337,533154.5,32234.6
193,2015-10-13,25040,198000,147299337,533154.5,32234.6
194,2015-10-14,25080,175051,147299337,533154.5,32234.6
195,2015-10-15,25380,248503,147299337,533154.5,32234.6
196,2015-10-16,25300,143968,147299337,533154.5,32234.6
197,2015-10-19,25120,117070,147299337,533154.5,32234.6
198,2015-10-20,25320,150347,147299337,533154.5,32234.6
199,2015-10-21,25400,139567,147299337,533154.5,32234.6
200,2015-10-22,25600,230673,147299337,533154.5,32234.6
201,2015-10-23,25780,263071,147299337,533154.5,32234.6
202,2015-10-26,25840,152165,147299337,533154.5,32234.6
203,2015-10-27,25960,132241,147299337,533154.5,32234.6
204,2015-10-28,26160,271303,147299337,533154.5,32234.6
205,2015-10-29,26500,630471,147299337,533154.5,32234.6
206,2015-10-30,27440,509385,147299337,533154.5,32234.6
207,2015-11-02,27660,386546,147299337,533154.5,32234.6
208,2015-11-03,27040,301840,147299337,533154.5,32234.6
209,2015-11-04,26600,281070,147299337,533154.5,32234.6
210,2015-11-05,26840,173042,147299337,533154.5,32234.6
211,2015-11-06,26760,164322,147299337,533154.5,32234.6
212,2015-11-09,26880,185661,147299337,533154.5,32234.6
213,2015-11-10,26420,197551,147299337,533154.5,32234.6
214,2015-11-11,26660,140449,147299337,533154.5,32234.6
215,2015-11-12,26340,157417,147299337,533154.5,32234.6
216,2015-11-13,26000,177677,147299337,533154.5,32234.6
217,2015-11-16,25260,275705,147299337,533154.5,32234.6
218,2015-11-17,25400,186184,147299337,533154.5,32234.6
219,2015-11-18,25620,167735,147299337,533154.5,32234.6
220,2015-11-19,25780,192850,147299337,533154.5,32234.6
221,2015-11-20,25700,168720,147299337,533154.5,32234.6
222,2015-11-23,25640,198820,147299337,533154.5,32234.6
223,2015-11-24,25980,159560,147299337,533154.5,32234.6
224,2015-11-25,25980,142627,147299337,533154.5,32234.6
225,2015-11-26,26700,185800,147299337,533154.5,32234.6
226,2015-11-27,26540,169854,147299337,533154.5,32234.6
227,2015-11-30,25680,534006,147299337,533154.5,32234.6
228,2015-12-01,26420,252113,147299337,533154.5,32234.6
229,2015-12-02,26000,229628,147299337,533154.5,32234.6
230,2015-12-03,25800,166695,147299337,533154.5,32234.6
231,2015-12-04,25380,192711,147299337,533154.5,32234.6
232,2015-12-07,25240,196107,147299337,533154.5,32234.6
233,2015-12-08,25240,138322,147299337,533154.5,32234.6
234,2015-12-09,25260,181812,147299337,533154.5,32234.6
235,2015-12-10,25660,303867,147299337,533154.5,32234.6
236,2015-12-11,25680,206729,147299337,533154.5,32234.6
237,2015-12-14,25220,222801,147299337,533154.5,32234.6
238,2015-12-15,25540,175494,147299337,533154.5,32234.6
239,2015-12-16,25980,207962,147299337,533154.5,32234.6
240,2015-12-17,25800,174677,147299337,533154.5,32234.6
241,2015-12-18,25560,168369,147299337,533154.5,32234.6
242,2015-12-21,25600,160466,147299337,533154.5,32234.6
243,2015-12-22,25840,206192,147299337,533154.5,32234.6
244,2015-12-23,25900,207148,147299337,533154.5,32234.6
245,2015-12-24,25700,156151,147299337,533154.5,32234.6
246,2015-12-28,25320,227230,147299337,533154.5,32234.6
247,2015-12-29,25080,232944,147299337,533154.5,32234.6
248,2015-12-30,25200,203958,147299337,533154.5,32234.6
249,2016-01-04,24100,306939,147299337,497822.5,52528
250,2016-01-05,24160,216002,147299337,497822.5,52528
251,2016-01-06,23500,366752,147299337,497822.5,52528
252,2016-01-07,23260,282388,147299337,497822.5,52528
253,2016-01-08,23420,257763,147299337,497822.5,52528
254,2016-01-11,23040,241277,147299337,497822.5,52528
255,2016-01-12,22920,206283,147299337,497822.5,52528
256,2016-01-13,22960,143316,147299337,497822.5,52528
257,2016-01-14,22760,209022,147299337,497822.5,52528
258,2016-01-15,22640,209464,147299337,497822.5,52528
259,2016-01-18,22520,320214,147299337,497822.5,52528
260,2016-01-19,23420,207242,147299337,497822.5,52528
261,2016-01-20,22760,167052,147299337,497822.5,52528
262,2016-01-21,22620,190352,147299337,497822.5,52528
263,2016-01-22,23360,147528,147299337,497822.5,52528
264,2016-01-25,23240,159913,147299337,497822.5,52528
265,2016-01-26,22740,152399,147299337,497822.5,52528
266,2016-01-27,23500,276237,147299337,497822.5,52528
267,2016-01-28,22900,315912,147299337,497822.5,52528
268,2016-01-29,23000,436983,145069337,497822.5,52528
269,2016-02-01,23260,259979,145069337,497822.5,52528
270,2016-02-02,23120,166348,145069337,497822.5,52528
271,2016-02-03,22920,174507,145069337,497822.5,52528
272,2016-02-04,23120,247959,145069337,497822.5,52528
273,2016-02-05,23280,188094,145069337,497822.5,52528
274,2016-02-11,22600,305262,145069337,497822.5,52528
275,2016-02-12,22600,256232,145069337,497822.5,52528
276,2016-02-15,23080,183146,145069337,497822.5,52528
277,2016-02-16,23360,180401,145069337,497822.5,52528
278,2016-02-17,23700,246062,145069337,497822.5,52528
279,2016-02-18,23740,222481,145069337,497822.5,52528
280,2016-02-19,23800,176852,145069337,497822.5,52528
281,2016-02-22,23500,174899,145069337,497822.5,52528
282,2016-02-23,23620,147674,145069337,497822.5,52528
283,2016-02-24,23440,140484,145069337,497822.5,52528
284,2016-02-25,23580,133635,145069337,497822.5,52528
285,2016-02-26,23440,177344,145069337,497822.5,52528
286,2016-02-29,23560,288680,145069337,497822.5,52528
287,2016-03-02,23940,236372,145069337,497822.5,52528
288,2016-03-03,24400,218991,145069337,497822.5,52528
289,2016-03-04,24300,201490,145069337,497822.5,52528
290,2016-03-07,24460,131376,145069337,497822.5,52528
291,2016-03-08,23840,216202,145069337,497822.5,52528
292,2016-03-09,23880,183380,145069337,497822.5,52528
293,2016-03-10,24500,283540,145069337,497822.5,52528
294,2016-03-11,24980,267225,145069337,497822.5,52528
295,2016-03-14,25100,217154,145069337,497822.5,52528
296,2016-03-15,25060,172808,145069337,497822.5,52528
297,2016-03-16,25120,146856,145069337,497822.5,52528
298,2016-03-17,25260,246869,145069337,497822.5,52528
299,2016-03-18,25460,225314,145069337,497822.5,52528
300,2016-03-21,25340,181170,145069337,497822.5,52528
301,2016-03-22,25380,202872,145069337,497822.5,52528
302,2016-03-23,25580,197418,145069337,497822.5,52528
303,2016-03-24,25640,218795,145069337,497822.5,52528
304,2016-03-25,25760,143446,145069337,497822.5,52528
305,2016-03-28,25880,121218,145069337,497822.5,52528
306,2016-03-29,25800,172454,145069337,497822.5,52528
307,2016-03-30,26160,267605,145069337,497822.5,52528
308,2016-03-31,26240,382615,145069337,497822.5,52528
309,2016-04-01,25580,271156,145069337,509371.2,58473.9
310,2016-04-04,26100,188046,145069337,509371.2,58473.9
311,2016-04-05,25200,236319,145069337,509371.2,58473.9
312,2016-04-06,25700,184234,145069337,509371.2,58473.9
313,2016-04-07,25380,258795,145069337,509371.2,58473.9
314,2016-04-08,24920,251868,145069337,509371.2,58473.9
315,2016-04-11,25320,120693,145069337,509371.2,58473.9
316,2016-04-12,25500,134054,145069337,509371.2,58473.9
317,2016-04-14,26000,335327,145069337,509371.2,58473.9
318,2016-04-15,26000,136599,145069337,509371.2,58473.9
319,2016-04-18,25980,128474,145069337,509371.2,58473.9
320,2016-04-19,25760,144766,145069337,509371.2,58473.9
321,2016-04-20,25980,171972,145069337,509371.2,58473.9
322,2016-04-21,25880,145089,145069337,509371.2,58473.9
323,2016-04-22,25600,114830,145069337,509371.2,58473.9
324,2016-04-25,25620,91957,145069337,509371.2,58473.9
325,2016-04-26,25920,166901,145069337,509371.2,58473.9
326,2016-04-27,26000,165946,145069337,509371.2,58473.9
327,2016-04-28,25300,293069,145069337,509371.2,58473.9
328,2016-04-29,24900,325078,145069337,509371.2,58473.9
329,2016-05-02,25000,140552,142969337,509371.2,58473.9
330,2016-05-03,25220,158066,142969337,509371.2,58473.9
331,2016-05-04,25800,294055,142969337,509371.2,58473.9
332,2016-05-09,25980,312894,142969337,509371.2,58473.9
333,2016-05-10,25920,171191,142969337,509371.2,58473.9
334,2016-05-11,25840,176688,142969337,509371.2,58473.9
335,2016-05-12,25620,152302,142969337,509371.2,58473.9
336,2016-05-13,25060,245698,142969337,509371.2,58473.9
337,2016-05-16,24960,234403,142969337,509371.2,58473.9
338,2016-05-17,25280,183671,142969337,509371.2,58473.9
339,2016-05-18,25360,183392,142969337,509371.2,58473.9
340,2016-05-19,25400,200249,142969337,509371.2,58473.9
341,2016-05-20,25380,159211,142969337,509371.2,58473.9
342,2016-05-23,25720,162251,142969337,509371.2,58473.9
343,2016-05-24,25420,208692,142969337,509371.2,58473.9
344,2016-05-25,25900,237255,142969337,509371.2,58473.9
345,2016-05-26,25920,253073,142969337,509371.2,58473.9
346,2016-05-27,25640,274891,142969337,509371.2,58473.9
347,2016-05-30,25600,206307,142969337,509371.2,58473.9
348,2016-05-31,25840,1250554,142969337,509371.2,58473.9
349,2016-06-01,26660,470080,142969337,509371.2,58473.9
350,2016-06-02,27300,476139,142969337,509371.2,58473.9
351,2016-06-03,27540,341324,142969337,509371.2,58473.9
352,2016-06-07,27960,462843,142969337,509371.2,58473.9
353,2016-06-08,28120,376162,142969337,509371.2,58473.9
354,2016-06-09,28600,515375,142969337,509371.2,58473.9
355,2016-06-10,28120,289681,142969337,509371.2,58473.9
356,2016-06-13,27420,304966,142969337,509371.2,58473.9
357,2016-06-14,27600,245461,142969337,509371.2,58473.9
358,2016-06-15,28260,306689,142969337,509371.2,58473.9
359,2016-06-16,28180,292431,142969337,509371.2,58473.9
360,2016-06-17,28520,328394,142969337,509371.2,58473.9
361,2016-06-20,28620,270316,142969337,509371.2,58473.9
362,2016-06-21,28960,200411,142969337,509371.2,58473.9
363,2016-06-22,28900,178965,142969337,509371.2,58473.9
364,2016-06-23,28600,225126,142969337,509371.2,58473.9
365,2016-06-24,28000,411052,142969337,509371.2,58473.9
366,2016-06-27,27960,236780,142969337,509371.2,58473.9
367,2016-06-28,27980,214379,142969337,509371.2,58473.9
368,2016-06-29,27920,210541,142969337,509371.2,58473.9
369,2016-06-30,28500,273434,142969337,509371.2,58473.9
370,2016-07-01,29320,287872,142969337,478156.3,45378.6
371,2016-07-04,29320,159900,142969337,478156.3,45378.6
372,2016-07-05,29380,157407,142969337,478156.3,45378.6
373,2016-07-06,28420,334983,142969337,478156.3,45378.6
374,2016-07-07,29000,229904,142969337,478156.3,45378.6
375,2016-07-08,29200,269963,142969337,478156.3,45378.6
376,2016-07-11,29780,281136,142969337,478156.3,45378.6
377,2016-07-12,29280,220494,142969337,478156.3,45378.6
378,2016-07-13,29620,200198,142969337,478156.3,45378.6
379,2016-07-14,30000,248605,142969337,478156.3,45378.6
380,2016-07-15,30360,232463,142969337,478156.3,45378.6
381,2016-07-18,30660,231344,142969337,478156.3,45378.6
382,2016-07-19,30660,202445,142969337,478156.3,45378.6
383,2016-07-20,30800,155463,142969337,478156.3,45378.6
384,2016-07-21,30860,170894,142969337,478156.3,45378.6
385,2016-07-22,30320,171703,142969337,478156.3,45378.6
386,2016-07-25,30040,154650,142969337,478156.3,45378.6
387,2016-07-26,30600,144570,142969337,478156.3,45378.6
388,2016-07-27,30540,126701,142969337,478156.3,45378.6
389,2016-07-28,30140,190074,142969337,478156.3,45378.6
390,2016-07-29,30780,299712,141669337,478156.3,45378.6
391,2016-08-01,31360,230308,141669337,478156.3,45378.6
392,2016-08-02,30960,166316,141669337,478156.3,45378.6
393,2016-08-03,30340,150098,141669337,478156.3,45378.6
394,2016-08-04,30340,140199,141669337,478156.3,45378.6
395,2016-08-05,31220,139177,141669337,478156.3,45378.6
396,2016-08-08,31380,222503,141669337,478156.3,45378.6
397,2016-08-09,31340,180464,141669337,478156.3,45378.6
398,2016-08-10,30820,246807,141669337,478156.3,45378.6
399,2016-08-11,31180,210672,141669337,478156.3,45378.6
400,2016-08-12,30900,209497,141669337,478156.3,45378.6
401,2016-08-16,31360,216862,141669337,478156.3,45378.6
402,2016-08-17,31320,148929,141669337,478156.3,45378.6
403,2016-08-18,32800,366541,141669337,478156.3,45378.6
404,2016-08-19,33500,336103,141669337,478156.3,45378.6
405,2016-08-22,33300,252244,141669337,478156.3,45378.6
406,2016-08-23,33740,230914,141669337,478156.3,45378.6
407,2016-08-24,33060,318771,141669337,478156.3,45378.6
408,2016-08-25,32780,283476,141669337,478156.3,45378.6
409,2016-08-26,32240,241160,141669337,478156.3,45378.6
410,2016-08-29,32800,178515,141669337,478156.3,45378.6
411,2016-08-30,32900,156992,141669337,478156.3,45378.6
412,2016-08-31,32400,410644,141669337,478156.3,45378.6
413,2016-09-01,31740,375803,141669337,478156.3,45378.6
414,2016-09-02,31940,163060,141669337,478156.3,45378.6
415,2016-09-05,32120,167676,141669337,478156.3,45378.6
416,2016-09-06,32860,153203,141669337,478156.3,45378.6
417,2016-09-07,32420,191837,141669337,478156.3,45378.6
418,2016-09-08,32780,241417,141669337,478156.3,45378.6
419,2016-09-09,31500,265168,141669337,478156.3,45378.6
420,2016-09-12,29300,529987,141669337,478156.3,45378.6
421,2016-09-13,30540,494345,141669337,478156.3,45378.6
422,2016-09-19,31160,448163,141669337,478156.3,45378.6
423,2016-09-20,31700,258423,141669337,478156.3,45378.6
424,2016-09-21,31840,210181,141669337,478156.3,45378.6
425,2016-09-22,32360,228599,141669337,478156.3,45378.6
426,2016-09-23,31420,365993,141669337,478156.3,45378.6
427,2016-09-26,31360,290496,141669337,478156.3,45378.6
428,2016-09-27,31380,196688,141669337,478156.3,45378.6
429,2016-09-28,31340,174128,141669337,478156.3,45378.6
430,2016-09-29,32000,227951,141669337,478156.3,45378.6
431,2016-09-30,31960,235254,141669337,478156.3,45378.6
432,2016-10-04,32280,261062,141669337,533317.5,70880.4
433,2016-10-05,32380,249409,141669337,533317.5,70880.4
434,2016-10-06,33820,591163,141669337,533317.5,70880.4
435,2016-10-07,34120,521011,141669337,533317.5,70880.4
436,2016-10-10,33600,505866,140679337,533317.5,70880.4
437,2016-10-11,30900,768543,140679337,533317.5,70880.4
438,2016-10-12,30700,781771,140679337,533317.5,70880.4
439,2016-10-13,31140,437291,140679337,533317.5,70880.4
440,2016-10-14,31540,283179,140679337,533317.5,70880.4
441,2016-10-17,31800,255704,140679337,533317.5,70880.4
442,2016-10-18,31780,207690,140679337,533317.5,70880.4
443,2016-10-19,32500,308891,140679337,533317.5,70880.4
444,2016-10-20,32400,206609,140679337,533317.5,70880.4
445,2016-10-21,31780,209550,140679337,533317.5,70880.4
446,2016-10-24,32160,185799,140679337,533317.5,70880.4
447,2016-10-25,31940,197322,140679337,533317.5,70880.4
448,2016-10-26,31340,210680,140679337,533317.5,70880.4
449,2016-10-27,31460,282340,140679337,533317.5,70880.4
450,2016-10-28,32280,204284,140679337,533317.5,70880.4
451,2016-10-31,32780,241344,140679337,533317.5,70880.4
452,2016-11-01,33040,206948,140679337,533317.5,70880.4
453,2016-11-02,32860,201985,140679337,533317.5,70880.4
454,2016-11-03,32320,206837,140679337,533317.5,70880.4
455,2016-11-04,32540,142077,140679337,533317.5,70880.4
456,2016-11-07,32800,153238,140679337,533317.5,70880.4
457,2016-11-08,32880,108349,140679337,533317.5,70880.4
458,2016-11-09,31920,313672,140679337,533317.5,70880.4
459,2016-11-10,32980,235907,140679337,533317.5,70880.4
460,2016-11-11,31960,256736,140679337,533317.5,70880.4
461,2016-11-14,31060,302666,140679337,533317.5,70880.4
462,2016-11-15,30780,273314,140679337,533317.5,70880.4
463,2016-11-16,31160,266164,140679337,533317.5,70880.4
464,2016-11-17,31360,157411,140679337,533317.5,70880.4
465,2016-11-18,31720,189215,140679337,533317.5,70880.4
466,2016-11-21,31860,163604,140679337,533317.5,70880.4
467,2016-11-22,32800,195022,140679337,533317.5,70880.4
468,2016-11-23,32980,253372,140679337,533317.5,70880.4
469,2016-11-24,33000,155143,140679337,533317.5,70880.4
470,2016-11-25,33000,125538,140679337,533317.5,70880.4
471,2016-11-28,33540,265881,140679337,533317.5,70880.4
472,2016-11-29,33540,361626,140679337,533317.5,70880.4
473,2016-11-30,34920,570704,140679337,533317.5,70880.4
474,2016-12-01,34980,310707,140679337,533317.5,70880.4
475,2016-12-02,34540,307059,140679337,533317.5,70880.4
476,2016-12-05,34360,169692,140679337,533317.5,70880.4
477,2016-12-06,34960,280036,140679337,533317.5,70880.4
478,2016-12-07,35440,192073,140679337,533317.5,70880.4
479,2016-12-08,35800,329251,140679337,533317.5,70880.4
480,2016-12-09,35600,213049,140679337,533317.5,70880.4
481,2016-12-12,35040,228289,140679337,533317.5,70880.4
482,2016-12-13,35320,233689,140679337,533317.5,70880.4
483,2016-12-14,35540,149102,140679337,533317.5,70880.4
484,2016-12-15,35180,115471,140679337,533317.5,70880.4
485,2016-12-16,35860,234954,140679337,533317.5,70880.4
486,2016-12-19,35900,108716,140679337,533317.5,70880.4
487,2016-12-20,36240,152304,140679337,533317.5,70880.4
488,2016-12-21,36100,131042,140679337,533317.5,70880.4
489,2016-12-22,36180,127092,140679337,533317.5,70880.4
490,2016-12-23,35640,166697,140679337,533317.5,70880.4
491,2016-12-26,35960,96472,140679337,533317.5,70880.4
492,2016-12-27,35980,93069,140679337,533317.5,70880.4
493,2016-12-28,35760,133258,140679337,533317.5,70880.4
494,2016-12-29,36040,150329,140679337,533317.5,70880.4
495,2017-01-02,36100,93012,140679337,505475.3,76843.5
496,2017-01-03,36480,147153,140679337,505475.3,76843.5
497,2017-01-04,36160,159435,140679337,505475.3,76843.5
498,2017-01-05,35560,219349,140679337,505475.3,76843.5
499,2017-01-06,36200,177619,140679337,505475.3,76843.5
500,2017-01-09,37220,263898,140679337,505475.3,76843.5
501,2017-01-10,37240,181996,140679337,505475.3,76843.5
502,2017-01-11,38280,240363,140679337,505475.3,76843.5
503,2017-01-12,38800,233383,140679337,505475.3,76843.5
504,2017-01-13,37460,319089,140679337,505475.3,76843.5
505,2017-01-16,36660,332230,140679337,505475.3,76843.5
506,2017-01-17,36960,163014,140679337,505475.3,76843.5
507,2017-01-18,36940,177508,140679337,505475.3,76843.5
508,2017-01-19,37480,188378,140679337,505475.3,76843.5
509,2017-01-20,37200,183700,140679337,505475.3,76843.5
510,2017-01-23,38060,176208,140679337,505475.3,76843.5
511,2017-01-24,38160,220975,140679337,505475.3,76843.5
512,2017-01-25,39400,268677,140679337,505475.3,76843.5
513,2017-01-26,39900,304290,140679337,505475.3,76843.5
514,2017-01-31,39460,359844,140679337,505475.3,76843.5
515,2017-02-01,39120,283008,140679337,505475.3,76843.5
516,2017-02-02,39360,300586,140679337,505475.3,76843.5
517,2017-02-03,39460,207727,140679337,505475.3,76843.5
518,2017-02-06,39560,177214,140679337,505475.3,76843.5
519,2017-02-07,38820,280836,140679337,505475.3,76843.5
520,2017-02-08,38400,341859,140679337,505475.3,76843.5
521,2017-02-09,38400,273883,140679337,505475.3,76843.5
522,2017-02-10,38360,220415,140679337,505475.3,76843.5
523,2017-02-13,37960,222041,140679337,505475.3,76843.5
524,2017-02-14,37580,262483,140679337,505475.3,76843.5
525,2017-02-15,37720,283831,140679337,505475.3,76843.5
526,2017-02-16,38020,204527,140679337,505475.3,76843.5
527,2017-02-17,37860,307549,140679337,505475.3,76843.5
528,2017-02-20,38660,149716,140679337,505475.3,76843.5
529,2017-02-21,38940,211252,140679337,505475.3,76843.5
530,2017-02-22,39300,170789,140679337,505475.3,76843.5
531,2017-02-23,39180,204346,140679337,505475.3,76843.5
532,2017-02-24,38220,185937,140679337,505475.3,76843.5
533,2017-02-27,38060,180674,140679337,505475.3,76843.5
534,2017-02-28,38440,301774,140679337,505475.3,76843.5
535,2017-03-02,39720,424996,140679337,505475.3,76843.5
536,2017-03-03,39620,254174,140679337,505475.3,76843.5
537,2017-03-06,40080,244697,140679337,505475.3,76843.5
538,2017-03-07,40200,211065,140679337,505475.3,76843.5
539,2017-03-08,40200,242819,140679337,505475.3,76843.5
540,2017-03-09,40200,287445,140679337,505475.3,76843.5
541,2017-03-10,40180,204556,140679337,505475.3,76843.5
542,2017-03-13,40600,148482,140679337,505475.3,76843.5
543,2017-03-14,41360,226501,140679337,505475.3,76843.5
544,2017-03-15,41400,191757,140679337,505475.3,76843.5
545,2017-03-16,41840,198663,140679337,505475.3,76843.5
546,2017-03-17,42400,252046,140679337,505475.3,76843.5
547,2017-03-20,41900,205001,140679337,505475.3,76843.5
548,2017-03-21,42560,284403,140679337,505475.3,76843.5
549,2017-03-22,42460,328545,140679337,505475.3,76843.5
550,2017-03-23,41800,307942,140679337,505475.3,76843.5
551,2017-03-24,41500,256163,140679337,505475.3,76843.5
552,2017-03-27,41200,243553,140679337,505475.3,76843.5
553,2017-03-28,41480,164325,140679337,505475.3,76843.5
554,2017-03-29,41780,201865,140679337,505475.3,76843.5
555,2017-03-30,41980,164080,140679337,505475.3,76843.5
556,2017-03-31,41200,210006,140679337,505475.3,76843.5
557,2017-04-03,41440,191588,140679337,610005.4,110538.5
558,2017-04-04,42080,245110,140679337,610005.4,110538.5
559,2017-04-05,42140,213994,140679337,610005.4,110538.5
560,2017-04-06,41840,193668,140679337,610005.4,110538.5
561,2017-04-07,41600,200420,140679337,610005.4,110538.5
562,2017-04-10,41940,142827,140679337,610005.4,110538.5
563,2017-04-11,41600,143458,140679337,610005.4,110538.5
564,2017-04-12,41900,165498,140679337,610005.4,110538.5
565,2017-04-13,42420,180816,140679337,610005.4,110538.5
566,2017-04-14,42020,109257,140679337,610005.4,110538.5
567,2017-04-17,41560,104495,140679337,610005.4,110538.5
568,2017-04-18,41500,137213,140679337,610005.4,110538.5
569,2017-04-19,40900,235258,140679337,610005.4,110538.5
570,2017-04-20,40280,422977,140679337,610005.4,110538.5
571,2017-04-21,40760,302610,139659337,610005.4,110538.5
572,2017-04-24,41240,179803,139659337,610005.4,110538.5
573,2017-04-25,42700,385992,139659337,610005.4,110538.5
574,2017-04-26,42800,295896,139659337,610005.4,110538.5
575,2017-04-27,43840,460645,139659337,610005.4,110538.5
576,2017-04-28,44620,453714,139659337,610005.4,110538.5
577,2017-05-02,44900,281366,139659337,610005.4,110538.5
578,2017-05-04,45520,273802,139659337,610005.4,110538.5
579,2017-05-08,47020,391651,139659337,610005.4,110538.5
580,2017-05-10,45600,468219,139659337,610005.4,110538.5
581,2017-05-11,45500,425557,139659337,610005.4,110538.5
582,2017-05-12,45820,188458,139659337,610005.4,110538.5
583,2017-05-15,46100,160028,139659337,610005.4,110538.5
584,2017-05-16,46380,176075,139659337,610005.4,110538.5
585,2017-05-17,46340,148489,139659337,610005.4,110538.5
586,2017-05-18,45940,223207,139659337,610005.4,110538.5
587,2017-05-19,44720,315247,139659337,610005.4,110538.5
588,2017-05-22,45100,352871,139659337,610005.4,110538.5
589,2017-05-23,44920,252141,130668494,610005.4,110538.5
590,2017-05-24,44880,173508,130668494,610005.4,110538.5
591,2017-05-25,45680,260896,130668494,610005.4,110538.5
592,2017-05-26,46080,272273,130668494,610005.4,110538.5
593,2017-05-29,45620,174791,130668494,610005.4,110538.5
594,2017-05-30,44640,248672,130668494,610005.4,110538.5
595,2017-05-31,44700,373382,130668494,610005.4,110538.5
596,2017-06-01,44680,195070,130668494,610005.4,110538.5
597,2017-06-02,45960,249775,130668494,610005.4,110538.5
598,2017-06-05,45940,151988,130668494,610005.4,110538.5
599,2017-06-07,45300,274588,130668494,610005.4,110538.5
600,2017-06-08,45160,279575,130668494,610005.4,110538.5
601,2017-06-09,46100,234657,130668494,610005.4,110538.5
602,2017-06-12,45380,219086,130668494,610005.4,110538.5
603,2017-06-13,45400,172498,130668494,610005.4,110538.5
604,2017-06-14,45360,203334,130668494,610005.4,110538.5
605,2017-06-15,45680,193140,130668494,610005.4,110538.5
606,2017-06-16,45580,348069,130668494,610005.4,110538.5
607,2017-06-19,46560,226078,130668494,610005.4,110538.5
608,2017-06-20,48140,300900,130668494,610005.4,110538.5
609,2017-06-21,47480,199473,130668494,610005.4,110538.5
610,2017-06-22,47960,229116,130668494,610005.4,110538.5
611,2017-06-23,47620,190302,130668494,610005.4,110538.5
612,2017-06-26,48280,171056,130668494,610005.4,110538.5
613,2017-06-27,48300,192335,130668494,610005.4,110538.5
614,2017-06-28,47700,191450,130668494,610005.4,110538.5
615,2017-06-29,47940,166131,130668494,610005.4,110538.5
616,2017-06-30,47540,237551,130668494,610005.4,110538.5
617,2017-07-03,47220,136111,130668494,620489,111934.1
618,2017-07-04,47000,159220,130668494,620489,111934.1
619,2017-07-05,47580,212805,130668494,620489,111934.1
620,2017-07-06,48060,218461,130668494,620489,111934.1
621,2017-07-07,47860,162638,130668494,620489,111934.1
622,2017-07-10,48660,215855,130668494,620489,111934.1
623,2017-07-11,49000,194356,130668494,620489,111934.1
624,2017-07-12,49880,189723,130668494,620489,111934.1
625,2017-07-13,50560,320683,130668494,620489,111934.1
626,2017-07-14,50480,164780,130668494,620489,111934.1
627,2017-07-17,50640,179522,130668494,620489,111934.1
628,2017-07-18,50840,141689,130668494,620489,111934.1
629,2017-07-19,50740,223150,130668494,620489,111934.1
630,2017-07-20,51200,167352,130668494,620489,111934.1
631,2017-07-21,51080,168981,130668494,620489,111934.1
632,2017-07-24,50860,141995,130668494,620489,111934.1
633,2017-07-25,50000,216212,130668494,620489,111934.1
634,2017-07-26,49840,224496,130668494,620489,111934.1
635,2017-07-27,49800,228990,130668494,620489,111934.1
636,2017-07-28,47760,523366,130668494,620489,111934.1
637,2017-07-31,48200,254028,130668494,620489,111934.1
638,2017-08-01,48600,227390,130668494,620489,111934.1
639,2017-08-02,49000,155549,129768494,620489,111934.1
640,2017-08-03,47780,310816,129768494,620489,111934.1
641,2017-08-04,47700,167184,129768494,620489,111934.1
642,2017-08-07,47580,144365,129768494,620489,111934.1
643,2017-08-08,47720,159592,129768494,620489,111934.1
644,2017-08-09,46280,291108,129768494,620489,111934.1
645,2017-08-10,45900,459723,129768494,620489,111934.1
646,2017-08-11,44620,508146,129768494,620489,111934.1
647,2017-08-14,45000,383712,129768494,620489,111934.1
648,2017-08-16,46200,438273,129768494,620489,111934.1
649,2017-08-17,47040,248317,129768494,620489,111934.1
650,2017-08-18,46900,209559,129768494,620489,111934.1
651,2017-08-21,46840,102069,129768494,620489,111934.1
652,2017-08-22,47000,147635,129768494,620489,111934.1
653,2017-08-23,47480,187694,129768494,620489,111934.1
654,2017-08-24,47520,173149,129768494,620489,111934.1
655,2017-08-25,47020,224871,129768494,620489,111934.1
656,2017-08-28,46100,199242,129768494,620489,111934.1
657,2017-08-29,46080,252473,129768494,620489,111934.1
658,2017-08-30,46200,150260,129768494,620489,111934.1
659,2017-08-31,46320,220234,129768494,620489,111934.1
660,2017-09-01,46480,212834,129768494,620489,111934.1
661,2017-09-04,46040,158870,129768494,620489,111934.1
662,2017-09-05,46760,234322,129768494,620489,111934.1
663,2017-09-06,47000,216221,129768494,620489,111934.1
664,2017-09-07,48120,193530,129768494,620489,111934.1
665,2017-09-08,49080,217860,129768494,620489,111934.1
666,2017-09-11,49800,207495,129768494,620489,111934.1
667,2017-09-12,49600,240595,129768494,620489,111934.1
668,2017-09-13,49620,187140,129768494,620489,111934.1
669,2017-09-14,50300,284095,129768494,620489,111934.1
670,2017-09-15,50400,215146,129768494,620489,111934.1
671,2017-09-18,52480,230499,129768494,620489,111934.1
672,2017-09-19,52120,197008,129768494,620489,111934.1
673,2017-09-20,52220,185855,129768494,620489,111934.1
674,2017-09-21,52800,176796,129768494,620489,111934.1
675,2017-09-22,53000,278448,129768494,620489,111934.1
676,2017-09-25,53620,186062,129768494,620489,111934.1
677,2017-09-26,51660,341144,129768494,620489,111934.1
678,2017-09-27,51680,215940,129768494,620489,111934.1
679,2017-09-28,51260,240509,129768494,620489,111934.1
680,2017-09-29,51280,258188,129768494,620489,111934.1
681,2017-10-10,52800,410396,129768494,659784.1,122551.4
682,2017-10-11,54640,273043,129768494,659784.1,122551.4
683,2017-10-12,54800,277814,129768494,659784.1,122551.4
684,2017-10-13,54000,252033,129768494,659784.1,122551.4
685,2017-10-16,53920,195399,129768494,659784.1,122551.4
686,2017-10-17,54800,212156,129768494,659784.1,122551.4
687,2017-10-18,54760,202215,129768494,659784.1,122551.4
688,2017-10-19,52980,242174,129768494,659784.1,122551.4
689,2017-10-20,53840,160541,129768494,659784.1,122551.4
690,2017-10-23,54300,166221,129768494,659784.1,122551.4
691,2017-10-24,54040,116121,129768494,659784.1,122551.4
692,2017-10-25,53900,117657,129768494,659784.1,122551.4
693,2017-10-26,52400,195531,129768494,659784.1,122551.4
694,2017-10-27,53080,147850,129768494,659784.1,122551.4
695,2017-10-30,54040,163923,129768494,659784.1,122551.4
696,2017-10-31,55080,267631,129768494,659784.1,122551.4
697,2017-11-01,57220,290205,129768494,659784.1,122551.4
698,2017-11-02,57060,214421,129768494,659784.1,122551.4
699,2017-11-03,56380,198716,129098494,659784.1,122551.4
700,2017-11-06,56380,180019,129098494,659784.1,122551.4
701,2017-11-07,56100,149291,129098494,659784.1,122551.4
702,2017-11-08,56760,170404,129098494,659784.1,122551.4
703,2017-11-09,56340,239881,129098494,659784.1,122551.4
704,2017-11-10,56400,134976,129098494,659784.1,122551.4
705,2017-11-13,56380,176133,129098494,659784.1,122551.4
706,2017-11-14,55920,134500,129098494,659784.1,122551.4
707,2017-11-15,55340,176339,129098494,659784.1,122551.4
708,2017-11-16,55780,152814,129098494,659784.1,122551.4
709,2017-11-17,55820,214663,129098494,659784.1,122551.4
710,2017-11-20,55200,189455,129098494,659784.1,122551.4
711,2017-11-21,55280,206494,129098494,659784.1,122551.4
712,2017-11-22,55960,159059,129098494,659784.1,122551.4
713,2017-11-23,55300,125458,129098494,659784.1,122551.4
714,2017-11-24,55460,90724,129098494,659784.1,122551.4
715,2017-11-27,52640,362578,129098494,659784.1,122551.4
716,2017-11-28,53280,269988,129098494,659784.1,122551.4
717,2017-11-29,52600,191805,129098494,659784.1,122551.4
718,2017-11-30,50800,592683,129098494,659784.1,122551.4
719,2017-12-01,50840,257372,129098494,659784.1,122551.4
720,2017-12-04,51340,297301,129098494,659784.1,122551.4
721,2017-12-05,51260,186531,129098494,659784.1,122551.4
722,2017-12-06,50020,217784,129098494,659784.1,122551.4
723,2017-12-07,50740,221312,129098494,659784.1,122551.4
724,2017-12-08,52000,225809,129098494,659784.1,122551.4
725,2017-12-11,51780,162517,129098494,659784.1,122551.4
726,2017-12-12,52100,175301,129098494,659784.1,122551.4
727,2017-12-13,51320,226674,129098494,659784.1,122551.4
728,2017-12-14,51060,406208,129098494,659784.1,122551.4
729,2017-12-15,50620,298571,129098494,659784.1,122551.4
730,2017-12-18,51200,147005,129098494,659784.1,122551.4
731,2017-12-19,51560,239572,129098494,659784.1,122551.4
732,2017-12-20,50880,201611,129098494,659784.1,122551.4
733,2017-12-21,49140,312486,129098494,659784.1,122551.4
734,2017-12-22,49700,223993,129098494,659784.1,122551.4
735,2017-12-26,48200,320797,129098494,659784.1,122551.4
736,2017-12-27,49360,214872,129098494,659784.1,122551.4
737,2017-12-28,50960,179709,129098494,659784.1,122551.4
738,2018-01-02,51020,169485,129098494,605637.1,116885.4
739,2018-01-03,51620,200270,129098494,605637.1,116885.4
740,2018-01-04,51080,233909,129098494,605637.1,116885.4
741,2018-01-05,52120,189623,129098494,605637.1,116885.4
742,2018-01-08,52020,167673,129098494,605637.1,116885.4
743,2018-01-09,50400,360272,129098494,605637.1,116885.4
744,2018-01-10,48840,371336,129098494,605637.1,116885.4
745,2018-01-11,48240,502476,129098494,605637.1,116885.4
746,2018-01-12,48200,545409,129098494,605637.1,116885.4
747,2018-01-15,48540,201920,129098494,605637.1,116885.4
748,2018-01-16,50000,407793,129098494,605637.1,116885.4
749,2018-01-17,49620,221061,129098494,605637.1,116885.4
750,2018-01-18,49900,296977,129098494,605637.1,116885.4
751,2018-01-19,49320,184399,129098494,605637.1,116885.4
752,2018-01-22,48240,250418,129098494,605637.1,116885.4
753,2018-01-23,49160,270654,129098494,605637.1,116885.4
754,2018-01-24,49340,191010,129098494,605637.1,116885.4
755,2018-01-25,50260,223207,129098494,605637.1,116885.4
756,2018-01-26,50780,207002,129098494,605637.1,116885.4
757,2018-01-29,51220,236776,129098494,605637.1,116885.4
758,2018-01-30,49800,245691,129098494,605637.1,116885.4
759,2018-01-31,49900,1293626,129098494,605637.1,116885.4
760,2018-02-01,49820,552189,129098494,605637.1,116885.4
761,2018-02-02,47700,585207,129098494,605637.1,116885.4
762,2018-02-05,47920,567158,129098494,605637.1,116885.4
763,2018-02-06,47420,388129,129098494,605637.1,116885.4
764,2018-02-07,45800,468961,129098494,605637.1,116885.4
765,2018-02-08,46000,465021,128386494,605637.1,116885.4
766,2018-02-09,44700,349300,128386494,605637.1,116885.4
767,2018-02-12,45720,315099,128386494,605637.1,116885.4
768,2018-02-13,47540,378465,128386494,605637.1,116885.4
769,2018-02-14,49000,378118,128386494,605637.1,116885.4
770,2018-02-19,48380,307069,128386494,605637.1,116885.4
771,2018-02-20,47400,202452,128386494,605637.1,116885.4
772,2018-02-21,47280,257604,128386494,605637.1,116885.4
773,2018-02-22,46760,177399,128386494,605637.1,116885.4
774,2018-02-23,47220,248466,128386494,605637.1,116885.4
775,2018-02-26,47380,191213,128386494,605637.1,116885.4
776,2018-02-27,47380,196611,128386494,605637.1,116885.4
777,2018-02-28,47060,303247,128386494,605637.1,116885.4
778,2018-03-02,46020,265310,128386494,605637.1,116885.4
779,2018-03-05,45200,282019,128386494,605637.1,116885.4
780,2018-03-06,47020,308467,128386494,605637.1,116885.4
781,2018-03-07,48620,428541,128386494,605637.1,116885.4
782,2018-03-08,49200,389273,128386494,605637.1,116885.4
783,2018-03-09,49740,286088,128386494,605637.1,116885.4
784,2018-03-12,49740,173779,128386494,605637.1,116885.4
785,2018-03-13,51660,401974,128386494,605637.1,116885.4
786,2018-03-14,51760,254265,128386494,605637.1,116885.4
787,2018-03-15,51540,177649,128386494,605637.1,116885.4
788,2018-03-16,51140,243698,128386494,605637.1,116885.4
789,2018-03-19,50740,164377,128386494,605637.1,116885.4
790,2018-03-20,51200,163865,128386494,605637.1,116885.4
791,2018-03-21,51060,178104,128386494,605637.1,116885.4
792,2018-03-22,51780,169082,128386494,605637.1,116885.4
793,2018-03-23,49720,297099,128386494,605637.1,116885.4
794,2018-03-26,50280,201155,128386494,605637.1,116885.4
795,2018-03-27,49980,237480,128386494,605637.1,116885.4
796,2018-03-28,48700,303189,128386494,605637.1,116885.4
797,2018-03-29,49040,201340,128386494,605637.1,116885.4
798,2018-03-30,49220,155542,128386494,605637.1,116885.4
799,2018-04-02,48540,142313,128386494,584826.6,110434.1
800,2018-04-03,48120,255365,128386494,584826.6,110434.1
801,2018-04-04,46920,247684,128386494,584826.6,110434.1
802,2018-04-05,48740,264912,128386494,584826.6,110434.1
803,2018-04-06,48400,250654,128386494,584826.6,110434.1
804,2018-04-09,49200,199008,128386494,584826.6,110434.1
805,2018-04-10,48880,219687,128386494,584826.6,110434.1
806,2018-04-11,48860,201022,128386494,584826.6,110434.1
807,2018-04-12,49000,249325,128386494,584826.6,110434.1
808,2018-04-13,49800,205566,128386494,584826.6,110434.1
809,2018-04-16,50340,157549,128386494,584826.6,110434.1
810,2018-04-17,49980,155440,128386494,584826.6,110434.1
811,2018-04-18,51360,269252,128386494,584826.6,110434.1
812,2018-04-19,52780,343811,128386494,584826.6,110434.1
813,2018-04-20,51620,235220,128386494,584826.6,110434.1
814,2018-04-23,51900,232380,128386494,584826.6,110434.1
815,2018-04-24,50460,315406,128386494,584826.6,110434.1
816,2018-04-25,50400,332292,128386494,584826.6,110434.1
817,2018-04-26,52140,360931,128386494,584826.6,110434.1
818,2018-04-27,53000,606216,128386494,584826.6,110434.1
819,2018-04-30,53000,0,128386494,584826.6,110434.1
820,2018-05-02,53000,0,128386494,584826.6,110434.1
821,2018-05-03,53000,0,128386494,584826.6,110434.1
822,2018-05-04,51900,39565391,6419324700,584826.6,110434.1
823,2018-05-08,52600,23104720,6419324700,584826.6,110434.1
824,2018-05-09,50900,16128305,6419324700,584826.6,110434.1
825,2018-05-10,51600,13905263,6419324700,584826.6,110434.1
826,2018-05-11,51300,10314997,6419324700,584826.6,110434.1
827,2018-05-14,50100,14909272,6419324700,584826.6,110434.1
828,2018-05-15,49200,18709146,6419324700,584826.6,110434.1
829,2018-05-16,49850,15918683,6419324700,584826.6,110434.1
830,2018-05-17,49400,10365440,6419324700,584826.6,110434.1
831,2018-05-18,49500,6706570,6419324700,584826.6,110434.1
832,2018-05-21,50000,9020998,6419324700,584826.6,110434.1
833,2018-05-23,51800,17095490,6419324700,584826.6,110434.1
834,2018-05-24,51400,8289275,6419324700,584826.6,110434.1
835,2018-05-25,52700,15207266,6419324700,584826.6,110434.1
836,2018-05-28,52300,9787820,6419324700,584826.6,110434.1
837,2018-05-29,51300,8480437,6419324700,584826.6,110434.1
838,2018-05-30,49500,20498098,6419324700,584826.6,110434.1
839,2018-05-31,50700,63491109,6419324700,584826.6,110434.1
840,2018-06-01,51300,13038499,6419324700,584826.6,110434.1
841,2018-06-04,51100,9767171,6419324700,584826.6,110434.1
842,2018-06-05,51300,9144100,6419324700,584826.6,110434.1
843,2018-06-07,50600,13590016,6419324700,584826.6,110434.1
844,2018-06-08,49650,16951706,6419324700,584826.6,110434.1
845,2018-06-11,49900,10571312,6419324700,584826.6,110434.1
846,2018-06-12,49400,12110569,6419324700,584826.6,110434.1
847,2018-06-14,48200,20971729,6419324700,584826.6,110434.1
848,2018-06-15,47650,17080892,6419324700,584826.6,110434.1
849,2018-06-18,46600,16661870,6419324700,584826.6,110434.1
850,2018-06-19,47000,15217971,6419324700,584826.6,110434.1
851,2018-06-20,47000,12959316,6419324700,584826.6,110434.1
852,2018-06-21,47050,10015541,6419324700,584826.6,110434.1
853,2018-06-22,47250,10298006,6419324700,584826.6,110434.1
854,2018-06-25,46650,10587711,6419324700,584826.6,110434.1
855,2018-06-26,47000,11223166,6419324700,584826.6,110434.1
856,2018-06-27,47950,15274752,6419324700,584826.6,110434.1
857,2018-06-28,46800,12784800,6419324700,584826.6,110434.1
858,2018-06-29,46650,14099635,6419324700,584826.6,110434.1
859,2018-07-02,45550,13112253,6419324700,654599.9,131507.2
860,2018-07-03,46150,10959655,6419324700,654599.9,131507.2
861,2018-07-04,46250,8776763,6419324700,654599.9,131507.2
862,2018-07-05,45950,7039773,6419324700,654599.9,131507.2
863,2018-07-06,44900,17843706,6419324700,654599.9,131507.2
864,2018-07-09,45600,11602464,6419324700,654599.9,131507.2
865,2018-07-10,46300,10528665,6419324700,654599.9,131507.2
866,2018-07-11,46000,11224077,6419324700,654599.9,131507.2
867,2018-07-12,45500,11828104,6419324700,654599.9,131507.2
868,2018-07-13,46500,11543389,6419324700,654599.9,131507.2
869,2018-07-16,46050,7678719,6419324700,654599.9,131507.2
870,2018-07-17,45850,8892953,6419324700,654599.9,131507.2
871,2018-07-18,46550,10952645,6419324700,654599.9,131507.2
872,2018-07-19,46900,9880128,6419324700,654599.9,131507.2
873,2018-07-20,47450,10474547,6419324700,654599.9,131507.2
874,2018-07-23,46500,10823782,6419324700,654599.9,131507.2
875,2018-07-24,46150,8261363,6419324700,654599.9,131507.2
876,2018-07-25,46150,7222471,6419324700,654599.9,131507.2
877,2018-07-26,46900,7374946,6419324700,654599.9,131507.2
878,2018-07-27,46900,4762460,6419324700,654599.9,131507.2
879,2018-07-30,46500,5723035,6419324700,654599.9,131507.2
880,2018-07-31,46250,8033607,6419324700,654599.9,131507.2
881,2018-08-01,46550,7484499,6419324700,654599.9,131507.2
882,2018-08-02,45550,8560924,6419324700,654599.9,131507.2
883,2018-08-03,45750,8274944,6419324700,654599.9,131507.2
884,2018-08-06,45800,6771979,6419324700,654599.9,131507.2
885,2018-08-07,46700,9058174,6419324700,654599.9,131507.2
886,2018-08-08,46800,6429338,6419324700,654599.9,131507.2
887,2018-08-09,46900,12010886,6419324700,654599.9,131507.2
888,2018-08-10,45400,16670643,6419324700,654599.9,131507.2
889,2018-08-13,45050,9803831,6419324700,654599.9,131507.2
890,2018-08-14,45150,6409259,6419324700,654599.9,131507.2
891,2018-08-16,44250,10088229,6419324700,654599.9,131507.2
892,2018-08-17,44100,6808747,6419324700,654599.9,131507.2
893,2018-08-20,43850,7289124,6419324700,654599.9,131507.2
894,2018-08-21,44800,9520270,6419324700,654599.9,131507.2
895,2018-08-22,46100,11641656,6419324700,654599.9,131507.2
896,2018-08-23,46200,6730918,6419324700,654599.9,131507.2
897,2018-08-24,46150,6582535,6419324700,654599.9,131507.2
898,2018-08-27,46300,5263782,6419324700,654599.9,131507.2
899,2018-08-28,46550,7365976,6419324700,654599.9,131507.2
900,2018-08-29,46800,5572374,6419324700,654599.9,131507.2
901,2018-08-30,47650,12193231,6419324700,654599.9,131507.2
902,2018-08-31,48450,13577454,6419324700,654599.9,131507.2
903,2018-09-03,47450,8595084,6419324700,654599.9,131507.2
904,2018-09-04,47650,6791255,6419324700,654599.9,131507.2
905,2018-09-05,46600,9139998,6419324700,654599.9,131507.2
906,2018-09-06,46100,9040553,6419324700,654599.9,131507.2
907,2018-09-07,44900,18285508,6419324700,654599.9,131507.2
908,2018-09-10,45500,9979838,6419324700,654599.9,131507.2
909,2018-09-11,45050,9865790,6419324700,654599.9,131507.2
910,2018-09-12,44550,12995269,6419324700,654599.9,131507.2
911,2018-09-13,44050,18277942,6419324700,654599.9,131507.2
912,2018-09-14,45850,12446344,6419324700,654599.9,131507.2
913,2018-09-17,45150,8123384,6419324700,654599.9,131507.2
914,2018-09-18,45500,9987090,6419324700,654599.9,131507.2
915,2018-09-19,46150,9367454,6419324700,654599.9,131507.2
916,2018-09-20,47250,13536966,6419324700,654599.9,131507.2
917,2018-09-21,47400,14476906,6419324700,654599.9,131507.2
918,2018-09-27,47500,15804586,6419324700,654599.9,131507.2
919,2018-09-28,46450,11270515,6419324700,654599.9,131507.2
920,2018-10-01,46350,6354983,6419324700,592650.6,84621.9
921,2018-10-02,45700,6607188,6419324700,592650.6,84621.9
922,2018-10-04,44700,11865327,6419324700,592650.6,84621.9
923,2018-10-05,44700,10544165,6419324700,592650.6,84621.9
924,2018-10-08,44950,6759464,6419324700,592650.6,84621.9
925,2018-10-10,45300,10341349,6419324700,592650.6,84621.9
926,2018-10-11,43100,19324537,6419324700,592650.6,84621.9
927,2018-10-12,44000,12640906,6419324700,592650.6,84621.9
928,2018-10-15,43800,7434522,6419324700,592650.6,84621.9
929,2018-10-16,43600,6825677,6419324700,592650.6,84621.9
930,2018-10-17,44150,8306193,6419324700,592650.6,84621.9
931,2018-10-18,44050,8347725,6419324700,592650.6,84621.9
932,2018-10-19,43900,7842520,6419324700,592650.6,84621.9
933,2018-10-22,43550,8357648,6419324700,592650.6,84621.9
934,2018-10-23,43050,9531231,6419324700,592650.6,84621.9
935,2018-10-24,42550,13522825,6419324700,592650.6,84621.9
936,2018-10-25,41000,19338170,6419324700,592650.6,84621.9
937,2018-10-26,41000,14413864,6419324700,592650.6,84621.9
938,2018-10-29,41400,14460521,6419324700,592650.6,84621.9
939,2018-10-30,42350,14205190,6419324700,592650.6,84621.9
940,2018-10-31,42400,17621480,6419324700,592650.6,84621.9
941,2018-11-01,42150,13423132,6419324700,592650.6,84621.9
942,2018-11-02,44150,16517112,6419324700,592650.6,84621.9
943,2018-11-05,43800,9426777,6419324700,592650.6,84621.9
944,2018-11-06,43750,7713625,6419324700,592650.6,84621.9
945,2018-11-07,44000,11553998,6419324700,592650.6,84621.9
946,2018-11-08,44050,12617397,6419324700,592650.6,84621.9
947,2018-11-09,44300,7318500,6419324700,592650.6,84621.9
948,2018-11-12,45200,8552566,6419324700,592650.6,84621.9
949,2018-11-13,44500,9311126,6419324700,592650.6,84621.9
950,2018-11-14,44100,6783344,6419324700,592650.6,84621.9
951,2018-11-15,44250,5864067,6419324700,592650.6,84621.9
952,2018-11-16,44000,7777124,6419324700,592650.6,84621.9
953,2018-11-19,43650,7538720,6419324700,592650.6,84621.9
954,2018-11-20,42800,9420664,6419324700,592650.6,84621.9
955,2018-11-21,42100,10769589,6419324700,592650.6,84621.9
956,2018-11-22,42450,5970796,6419324700,592650.6,84621.9
957,2018-11-23,42400,5192638,6419324700,592650.6,84621.9
958,2018-11-26,42600,6613009,6419324700,592650.6,84621.9
959,2018-11-27,43050,8367091,6419324700,592650.6,84621.9
960,2018-11-28,43150,6943099,6419324700,592650.6,84621.9
961,2018-11-29,43150,8473511,6419324700,592650.6,84621.9
962,2018-11-30,41850,19775519,6419324700,592650.6,84621.9
963,2018-12-03,43250,12110702,6419324700,592650.6,84621.9
964,2018-12-04,42150,14347746,6419324700,592650.6,84621.9
965,2018-12-05,41450,12631983,6419324700,592650.6,84621.9
966,2018-12-06,40500,14251826,6419324700,592650.6,84621.9
967,2018-12-07,40950,11433083,6419324700,592650.6,84621.9
968,2018-12-10,40200,14892263,6419324700,592650.6,84621.9
969,2018-12-11,40250,10638766,6419324700,592650.6,84621.9
970,2018-12-12,40450,12024279,5969782550,592650.6,84621.9
971,2018-12-13,40000,26254646,5969782550,592650.6,84621.9
972,2018-12-14,38950,19671783,5969782550,592650.6,84621.9
973,2018-12-17,39150,11532968,5969782550,592650.6,84621.9
974,2018-12-18,38900,11042101,5969782550,592650.6,84621.9
975,2018-12-19,39100,9942037,5969782550,592650.6,84621.9
976,2018-12-20,38650,11937617,5969782550,592650.6,84621.9
977,2018-12-21,38650,14947080,5969782550,592650.6,84621.9
978,2018-12-24,38800,9729530,5969782550,592650.6,84621.9
979,2018-12-26,38350,12707675,5969782550,592650.6,84621.9
980,2018-12-27,38250,10510643,5969782550,592650.6,84621.9
981,2018-12-28,38700,9900267,5969782550,592650.6,84621.9
982,2019-01-02,38750,7847664,5969782550,523855.5,50435.9
983,2019-01-03,37600,12471493,5969782550,523855.5,50435.9
984,2019-01-04,37450,14108958,5969782550,523855.5,50435.9
985,2019-01-07,38750,12748997,5969782550,523855.5,50435.9
986,2019-01-08,38100,12756554,5969782550,523855.5,50435.9
987,2019-01-09,39600,17452708,5969782550,523855.5,50435.9
988,2019-01-10,39800,14731699,5969782550,523855.5,50435.9
989,2019-01-11,40500,11661063,5969782550,523855.5,50435.9
990,2019-01-14,40050,11984996,5969782550,523855.5,50435.9
991,2019-01-15,41100,11492756,5969782550,523855.5,50435.9
992,2019-01-16,41450,8491595,5969782550,523855.5,50435.9
993,2019-01-17,41950,11736903,5969782550,523855.5,50435.9
994,2019-01-18,42300,11029256,5969782550,523855.5,50435.9
995,2019-01-21,42750,11355701,5969782550,523855.5,50435.9
996,2019-01-22,42150,9964356,5969782550,523855.5,50435.9
997,2019-01-23,42000,11071079,5969782550,523855.5,50435.9
998,2019-01-24,43050,14747623,5969782550,523855.5,50435.9
999,2019-01-25,44750,22789395,5969782550,523855.5,50435.9
1000,2019-01-28,45050,17998914,5969782550,523855.5,50435.9
1001,2019-01-29,45500,16215017,5969782550,523855.5,50435.9
1002,2019-01-30,46400,17505980,5969782550,523855.5,50435.9
1003,2019-01-31,46150,21621145,5969782550,523855.5,50435.9
1004,2019-02-01,46350,13832454,5969782550,523855.5,50435.9
1005,2019-02-07,46200,15872001,5969782550,523855.5,50435.9
1006,2019-02-08,44800,12689196,5969782550,523855.5,50435.9
1007,2019-02-11,45000,11125044,5969782550,523855.5,50435.9
1008,2019-02-12,46050,13184367,5969782550,523855.5,50435.9
1009,2019-02-13,46200,11299738,5969782550,523855.5,50435.9
1010,2019-02-14,47500,17259341,5969782550,523855.5,50435.9
1011,2019-02-15,46050,10554643,5969782550,523855.5,50435.9
1012,2019-02-18,46200,8183728,5969782550,523855.5,50435.9
1013,2019-02-19,45950,6741395,5969782550,523855.5,50435.9
1014,2019-02-20,46900,11506720,5969782550,523855.5,50435.9
1015,2019-02-21,46950,8694009,5969782550,523855.5,50435.9
1016,2019-02-22,47150,6895772,5969782550,523855.5,50435.9
1017,2019-02-25,47350,7484716,5969782550,523855.5,50435.9
1018,2019-02-26,46750,7985547,5969782550,523855.5,50435.9
1019,2019-02-27,46750,8045211,5969782550,523855.5,50435.9
1020,2019-02-28,45100,23569321,5969782550,523855.5,50435.9
1021,2019-03-04,44850,12926539,5969782550,523855.5,50435.9
1022,2019-03-05,44250,10612405,5969782550,523855.5,50435.9
1023,2019-03-06,44000,10202544,5969782550,523855.5,50435.9
1024,2019-03-07,44450,11049749,5969782550,523855.5,50435.9
1025,2019-03-08,43800,7729069,5969782550,523855.5,50435.9
1026,2019-03-11,43650,10717408,5969782550,523855.5,50435.9
1027,2019-03-12,44650,11431977,5969782550,523855.5,50435.9
1028,2019-03-13,43850,8108343,5969782550,523855.5,50435.9
1029,2019-03-14,43850,18039161,5969782550,523855.5,50435.9
1030,2019-03-15,44200,16814163,5969782550,523855.5,50435.9
1031,2019-03-18,43700,8188876,5969782550,523855.5,50435.9
1032,2019-03-19,43900,7609563,5969782550,523855.5,50435.9
1033,2019-03-20,44050,9846242,5969782550,523855.5,50435.9
1034,2019-03-21,45850,21138016,5969782550,523855.5,50435.9
1035,2019-03-22,46550,12535911,5969782550,523855.5,50435.9
1036,2019-03-25,45500,8699728,5969782550,523855.5,50435.9
1037,2019-03-26,45250,9729811,5969782550,523855.5,50435.9
1038,2019-03-27,45350,9568081,5969782550,523855.5,50435.9
1039,2019-03-28,44850,6821306,5969782550,523855.5,50435.9
1040,2019-03-29,44650,11491713,5969782550,523855.5,50435.9
1041,2019-04-01,45050,7362129,5969782550,561271,51805.7
1042,2019-04-02,45750,9480688,5969782550,561271,51805.7
1043,2019-04-03,46600,12436570,5969782550,561271,51805.7
1044,2019-04-04,46950,12650168,5969782550,561271,51805.7
1045,2019-04-05,46850,8546339,5969782550,561271,51805.7
1046,2019-04-08,46650,8507909,5969782550,561271,51805.7
1047,2019-04-09,46650,6878761,5969782550,561271,51805.7
1048,2019-04-10,46700,11883995,5969782550,561271,51805.7
1049,2019-04-11,46250,13697399,5969782550,561271,51805.7
1050,2019-04-12,46850,7668936,5969782550,561271,51805.7
1051,2019-04-15,47050,8733019,5969782550,561271,51805.7
1052,2019-04-16,47250,7730881,5969782550,561271,51805.7
1053,2019-04-17,47050,5513658,5969782550,561271,51805.7
1054,2019-04-18,45600,12808747,5969782550,561271,51805.7
1055,2019-04-19,45300,8479710,5969782550,561271,51805.7
1056,2019-04-22,45350,6006957,5969782550,561271,51805.7
1057,2019-04-23,45200,6920566,5969782550,561271,51805.7
1058,2019-04-24,44750,13299267,5969782550,561271,51805.7
1059,2019-04-25,44650,10868965,5969782550,561271,51805.7
1060,2019-04-26,44850,9739982,5969782550,561271,51805.7
1061,2019-04-29,46150,8777517,5969782550,561271,51805.7
1062,2019-04-30,45850,11121273,5969782550,561271,51805.7
1063,2019-05-02,45900,8625126,5969782550,561271,51805.7
1064,2019-05-03,45300,6562916,5969782550,561271,51805.7
1065,2019-05-07,44850,12014907,5969782550,561271,51805.7
1066,2019-05-08,44250,10398754,5969782550,561271,51805.7
1067,2019-05-09,42450,23029718,5969782550,561271,51805.7
1068,2019-05-10,42900,14579512,5969782550,561271,51805.7
1069,2019-05-13,42650,7635079,5969782550,561271,51805.7
1070,2019-05-14,42650,11563730,5969782550,561271,51805.7
1071,2019-05-15,42550,7670185,5969782550,561271,51805.7
1072,2019-05-16,41550,13687828,5969782550,561271,51805.7
1073,2019-05-17,41200,13357951,5969782550,561271,51805.7
1074,2019-05-20,42000,15752397,5969782550,561271,51805.7
1075,2019-05-21,43150,18812133,5969782550,561271,51805.7
1076,2019-05-22,43500,11033339,5969782550,561271,51805.7
1077,2019-05-23,43850,12259006,5969782550,561271,51805.7
1078,2019-05-24,42700,13966305,5969782550,561271,51805.7
1079,2019-05-27,42650,8066669,5969782550,561271,51805.7
1080,2019-05-28,42550,24506881,5969782550,561271,51805.7
1081,2019-05-29,41800,14930618,5969782550,561271,51805.7
1082,2019-05-30,42550,11766018,5969782550,561271,51805.7
1083,2019-05-31,42500,11365999,5969782550,561271,51805.7
1084,2019-06-03,43800,15466580,5969782550,561271,51805.7
1085,2019-06-04,43450,9913497,5969782550,561271,51805.7
1086,2019-06-05,43900,12464135,5969782550,561271,51805.7
1087,2019-06-07,44200,11683682,5969782550,561271,51805.7
1088,2019-06-10,44800,8792182,5969782550,561271,51805.7
1089,2019-06-11,44850,6664872,5969782550,561271,51805.7
1090,2019-06-12,44600,8607439,5969782550,561271,51805.7
1091,2019-06-13,43750,16906541,5969782550,561271,51805.7
1092,2019-06-14,44000,9322873,5969782550,561271,51805.7
1093,2019-06-17,43900,11890424,5969782550,561271,51805.7
1094,2019-06-18,44350,7994928,5969782550,561271,51805.7
1095,2019-06-19,45350,10417690,5969782550,561271,51805.7
1096,2019-06-20,45500,7147785,5969782550,561271,51805.7
1097,2019-06-21,45700,9454913,5969782550,561271,51805.7
1098,2019-06-24,45500,6085066,5969782550,561271,51805.7
1099,2019-06-25,45600,7076774,5969782550,561271,51805.7
1100,2019-06-26,45700,9226097,5969782550,561271,51805.7
1101,2019-06-27,46500,12603534,5969782550,561271,51805.7
1102,2019-06-28,47000,12949231,5969782550,561271,51805.7
1103,2019-07-01,46600,11383522,5969782550,620034.7,62876.7
1104,2019-07-02,46250,8463073,5969782550,620034.7,62876.7
1105,2019-07-03,45400,9669368,5969782550,620034.7,62876.7
1106,2019-07-04,46000,6365573,5969782550,620034.7,62876.7
1107,2019-07-05,45650,7235395,5969782550,620034.7,62876.7
1108,2019-07-08,44400,7823843,5969782550,620034.7,62876.7
1109,2019-07-09,45100,7646421,5969782550,620034.7,62876.7
1110,2019-07-10,45550,9253930,5969782550,620034.7,62876.7
1111,2019-07-11,46200,10989751,5969782550,620034.7,62876.7
1112,2019-07-12,46300,5245804,5969782550,620034.7,62876.7
1113,2019-07-15,46450,4717226,5969782550,620034.7,62876.7
1114,2019-07-16,46850,7407824,5969782550,620034.7,62876.7
1115,2019-07-17,46050,5216602,5969782550,620034.7,62876.7
1116,2019-07-18,46100,5143554,5969782550,620034.7,62876.7
1117,2019-07-19,46800,8819393,5969782550,620034.7,62876.7
1118,2019-07-22,47200,9009109,5969782550,620034.7,62876.7
1119,2019-07-23,47300,9061381,5969782550,620034.7,62876.7
1120,2019-07-24,46400,8756522,5969782550,620034.7,62876.7
1121,2019-07-25,47200,8408838,5969782550,620034.7,62876.7
1122,2019-07-26,47150,7873886,5969782550,620034.7,62876.7
1123,2019-07-29,46100,6856846,5969782550,620034.7,62876.7
1124,2019-07-30,46550,5551014,5969782550,620034.7,62876.7
1125,2019-07-31,45350,12872916,5969782550,620034.7,62876.7
1126,2019-08-01,45200,7811181,5969782550,620034.7,62876.7
1127,2019-08-02,44950,12151374,5969782550,620034.7,62876.7
1128,2019-08-05,43950,14214086,5969782550,620034.7,62876.7
1129,2019-08-06,43500,15083824,5969782550,620034.7,62876.7
1130,2019-08-07,43200,10002533,5969782550,620034.7,62876.7
1131,2019-08-08,42650,16926881,5969782550,620034.7,62876.7
1132,2019-08-09,43150,9685147,5969782550,620034.7,62876.7
1133,2019-08-12,43700,8466169,5969782550,620034.7,62876.7
1134,2019-08-13,43000,7276979,5969782550,620034.7,62876.7
1135,2019-08-14,43700,8750135,5969782550,620034.7,62876.7
1136,2019-08-16,43900,9528115,5969782550,620034.7,62876.7
1137,2019-08-19,43600,6014218,5969782550,620034.7,62876.7
1138,2019-08-20,44450,8434205,5969782550,620034.7,62876.7
1139,2019-08-21,44500,6571717,5969782550,620034.7,62876.7
1140,2019-08-22,44050,8061177,5969782550,620034.7,62876.7
1141,2019-08-23,43950,5017381,5969782550,620034.7,62876.7
1142,2019-08-26,43600,7954949,5969782550,620034.7,62876.7
1143,2019-08-27,44050,16883932,5969782550,620034.7,62876.7
1144,2019-08-28,44150,5758333,5969782550,620034.7,62876.7
1145,2019-08-29,43400,10768862,5969782550,620034.7,62876.7
1146,2019-08-30,44000,9899073,5969782550,620034.7,62876.7
1147,2019-09-02,43800,7185537,5969782550,620034.7,62876.7
1148,2019-09-03,43250,9774941,5969782550,620034.7,62876.7
1149,2019-09-04,44100,12441837,5969782550,620034.7,62876.7
1150,2019-09-05,45700,18297430,5969782550,620034.7,62876.7
1151,2019-09-06,46300,9896562,5969782550,620034.7,62876.7
1152,2019-09-09,46900,9434157,5969782550,620034.7,62876.7
1153,2019-09-10,47000,9231792,5969782550,620034.7,62876.7
1154,2019-09-11,47150,16141619,5969782550,620034.7,62876.7
1155,2019-09-16,47100,15550926,5969782550,620034.7,62876.7
1156,2019-09-17,46900,7006280,5969782550,620034.7,62876.7
1157,2019-09-18,47700,10413027,5969782550,620034.7,62876.7
1158,2019-09-19,49150,16461413,5969782550,620034.7,62876.7
1159,2019-09-20,49200,15460210,5969782550,620034.7,62876.7
1160,2019-09-23,49300,7568553,5969782550,620034.7,62876.7
1161,2019-09-24,49500,7871955,5969782550,620034.7,62876.7
1162,2019-09-25,48900,9187141,5969782550,620034.7,62876.7
1163,2019-09-26,49200,8494756,5969782550,620034.7,62876.7
1164,2019-09-27,48400,8048041,5969782550,620034.7,62876.7
1165,2019-09-30,49050,9497119,5969782550,620034.7,62876.7
1166,2019-10-01,48850,6206035,5969782550,598847.6,52270.4
1167,2019-10-02,47600,8382463,5969782550,598847.6,52270.4
1168,2019-10-04,48000,9331695,5969782550,598847.6,52270.4
1169,2019-10-07,47750,7047273,5969782550,598847.6,52270.4
1170,2019-10-08,48900,14239367,5969782550,598847.6,52270.4
1171,2019-10-10,48550,18639855,5969782550,598847.6,52270.4
1172,2019-10-11,49150,7783275,5969782550,598847.6,52270.4
1173,2019-10-14,50000,11130635,5969782550,598847.6,52270.4
1174,2019-10-15,50100,6058105,5969782550,598847.6,52270.4
1175,2019-10-16,50700,9136282,5969782550,598847.6,52270.4
1176,2019-10-17,50500,6701380,5969782550,598847.6,52270.4
1177,2019-10-18,49900,8483106,5969782550,598847.6,52270.4
1178,2019-10-21,50300,4406531,5969782550,598847.6,52270.4
1179,2019-10-22,51200,10898729,5969782550,598847.6,52270.4
1180,2019-10-23,51200,8663880,5969782550,598847.6,52270.4
1181,2019-10-24,50700,21185785,5969782550,598847.6,52270.4
1182,2019-10-25,50900,7879897,5969782550,598847.6,52270.4
1183,2019-10-28,51300,6431522,5969782550,598847.6,52270.4
1184,2019-10-29,51100,7581629,5969782550,598847.6,52270.4
1185,2019-10-30,50400,8959435,5969782550,598847.6,52270.4
1186,2019-10-31,50400,10304777,5969782550,598847.6,52270.4
1187,2019-11-01,51200,8467846,5969782550,598847.6,52270.4
1188,2019-11-04,52300,13012411,5969782550,598847.6,52270.4
1189,2019-11-05,52700,10581034,5969782550,598847.6,52270.4
1190,2019-11-06,53300,14361133,5969782550,598847.6,52270.4
1191,2019-11-07,52900,9257116,5969782550,598847.6,52270.4
1192,2019-11-08,52100,11603290,5969782550,598847.6,52270.4
1193,2019-11-11,51600,8185952,5969782550,598847.6,52270.4
1194,2019-11-12,52600,6576148,5969782550,598847.6,52270.4
1195,2019-11-13,52500,6225196,5969782550,598847.6,52270.4
1196,2019-11-14,52800,12010018,5969782550,598847.6,52270.4
1197,2019-11-15,53700,9703360,5969782550,598847.6,52270.4
1198,2019-11-18,53500,7746554,5969782550,598847.6,52270.4
1199,2019-11-19,53500,8907177,5969782550,598847.6,52270.4
1200,2019-11-20,52000,12560070,5969782550,598847.6,52270.4
1201,2019-11-21,51000,14298646,5969782550,598847.6,52270.4
1202,2019-11-22,51600,8478310,5969782550,598847.6,52270.4
1203,2019-11-25,51800,9050625,5969782550,598847.6,52270.4
1204,2019-11-26,51800,27372226,5969782550,598847.6,52270.4
1205,2019-11-27,52200,7546261,5969782550,598847.6,52270.4
1206,2019-11-28,51300,6833885,5969782550,598847.6,52270.4
1207,2019-11-29,50300,11179334,5969782550,598847.6,52270.4
1208,2019-12-02,50400,18877252,5969782550,598847.6,52270.4
1209,2019-12-03,49900,12059812,5969782550,598847.6,52270.4
1210,2019-12-04,49450,13246549,5969782550,598847.6,52270.4
1211,2019-12-05,49500,10449715,5969782550,598847.6,52270.4
1212,2019-12-06,50400,11414563,5969782550,598847.6,52270.4
1213,2019-12-09,51200,8470627,5969782550,598847.6,52270.4
1214,2019-12-10,51500,6882771,5969782550,598847.6,52270.4
1215,2019-12-11,51900,11379521,5969782550,598847.6,52270.4
1216,2019-12-12,53300,29178697,5969782550,598847.6,52270.4
1217,2019-12-13,54700,18120261,5969782550,598847.6,52270.4
1218,2019-12-16,54700,11512405,5969782550,598847.6,52270.4
1219,2019-12-17,56700,19358433,5969782550,598847.6,52270.4
1220,2019-12-18,56300,15558208,5969782550,598847.6,52270.4
1221,2019-12-19,56000,14180520,5969782550,598847.6,52270.4
1222,2019-12-20,56000,12095519,5969782550,598847.6,52270.4
1223,2019-12-23,55500,9839252,5969782550,598847.6,52270.4
1224,2019-12-24,55000,11868463,5969782550,598847.6,52270.4
1225,2019-12-26,55400,9645034,5969782550,598847.6,52270.4
1226,2019-12-27,56500,12313056,5969782550,598847.6,52270.4
1227,2019-12-30,55800,8356767,5969782550,598847.6,52270.4
1228,2020-01-02,55200,12993228,5969782550,553251.8,48849.3
1229,2020-01-03,55500,15422255,5969782550,553251.8,48849.3
1230,2020-01-06,55500,10278951,5969782550,553251.8,48849.3
1231,2020-01-07,55800,10009778,5969782550,553251.8,48849.3
1232,2020-01-08,56800,23501171,5969782550,553251.8,48849.3
1233,2020-01-09,58600,24102579,5969782550,553251.8,48849.3
1234,2020-01-10,59500,16000170,5969782550,553251.8,48849.3
1235,2020-01-13,60000,11359139,5969782550,553251.8,48849.3
1236,2020-01-14,60000,16906295,5969782550,553251.8,48849.3
1237,2020-01-15,59000,14300928,5969782550,553251.8,48849.3
1238,2020-01-16,60700,14381774,5969782550,553251.8,48849.3
1239,2020-01-17,61300,16025661,5969782550,553251.8,48849.3
1240,2020-01-20,62400,12528855,5969782550,553251.8,48849.3
1241,2020-01-21,61400,11142693,5969782550,553251.8,48849.3
1242,2020-01-22,62300,15339565,5969782550,553251.8,48849.3
1243,2020-01-23,60800,14916555,5969782550,553251.8,48849.3
1244,2020-01-28,58800,23664541,5969782550,553251.8,48849.3
1245,2020-01-29,59100,16446102,5969782550,553251.8,48849.3
1246,2020-01-30,57200,20821939,5969782550,553251.8,48849.3
1247,2020-01-31,56400,19749457,5969782550,553251.8,48849.3
1248,2020-02-03,57200,23995260,5969782550,553251.8,48849.3
1249,2020-02-04,58900,21800192,5969782550,553251.8,48849.3
1250,2020-02-05,59500,19278165,5969782550,553251.8,48849.3
1251,2020-02-06,61100,14727159,5969782550,553251.8,48849.3
1252,2020-02-07,60400,16402493,5969782550,553251.8,48849.3
1253,2020-02-10,59700,13107121,5969782550,553251.8,48849.3
1254,2020-02-11,59900,11071231,5969782550,553251.8,48849.3
1255,2020-02-12,60500,12904207,5969782550,553251.8,48849.3
1256,2020-02-13,60700,18449775,5969782550,553251.8,48849.3
1257,2020-02-14,61800,13276067,5969782550,553251.8,48849.3
1258,2020-02-17,61500,8740596,5969782550,553251.8,48849.3
1259,2020-02-18,59800,16674266,5969782550,553251.8,48849.3
1260,2020-02-19,60200,12951496,5969782550,553251.8,48849.3
1261,2020-02-20,60000,14591924,5969782550,553251.8,48849.3
1262,2020-02-21,59200,13777393,5969782550,553251.8,48849.3
1263,2020-02-24,56800,25627537,5969782550,553251.8,48849.3
1264,2020-02-25,57900,23885408,5969782550,553251.8,48849.3
1265,2020-02-26,56500,25483102,5969782550,553251.8,48849.3
1266,2020-02-27,55900,23209541,5969782550,553251.8,48849.3
1267,2020-02-28,54200,30054227,5969782550,553251.8,48849.3
1268,2020-03-02,55000,30403412,5969782550,553251.8,48849.3
1269,2020-03-03,55400,30330295,5969782550,553251.8,48849.3
1270,2020-03-04,57400,24765728,5969782550,553251.8,48849.3
1271,2020-03-05,57800,21698990,5969782550,553251.8,48849.3
1272,2020-03-06,56500,18716656,5969782550,553251.8,48849.3
1273,2020-03-09,54200,30261485,5969782550,553251.8,48849.3
1274,2020-03-10,54600,32106554,5969782550,553251.8,48849.3
1275,2020-03-11,52100,45707281,5969782550,553251.8,48849.3
1276,2020-03-12,50800,48149999,5969782550,553251.8,48849.3
1277,2020-03-13,49950,59462933,5969782550,553251.8,48849.3
1278,2020-03-16,48900,33339821,5969782550,553251.8,48849.3
1279,2020-03-17,47300,51218151,5969782550,553251.8,48849.3
1280,2020-03-18,45600,40152623,5969782550,553251.8,48849.3
1281,2020-03-19,42950,56925513,5969782550,553251.8,48849.3
1282,2020-03-20,45400,49730008,5969782550,553251.8,48849.3
1283,2020-03-23,42500,41701626,5969782550,553251.8,48849.3
1284,2020-03-24,46950,49801908,5969782550,553251.8,48849.3
1285,2020-03-25,48650,52735922,5969782550,553251.8,48849.3
1286,2020-03-26,47800,42185129,5969782550,553251.8,48849.3
1287,2020-03-27,48300,39896178,5969782550,553251.8,48849.3
1288,2020-03-30,47850,26797395,5969782550,553251.8,48849.3
1289,2020-03-31,47750,30654261,5969782550,553251.8,48849.3
1290,2020-04-01,45800,27259532,5969782550,529661.4,55550.8
1291,2020-04-02,46800,21621076,5969782550,529661.4,55550.8
1292,2020-04-03,47000,22784682,5969782550,529661.4,55550.8
1293,2020-04-06,48700,23395726,5969782550,529661.4,55550.8
1294,2020-04-07,49600,31524034,5969782550,529661.4,55550.8
1295,2020-04-08,48600,25010314,5969782550,529661.4,55550.8
1296,2020-04-09,49100,22628058,5969782550,529661.4,55550.8
1297,2020-04-10,49250,17839111,5969782550,529661.4,55550.8
1298,2020-04-13,48300,14431800,5969782550,529661.4,55550.8
1299,2020-04-14,49000,14206216,5969782550,529661.4,55550.8
1300,2020-04-16,49000,23349760,5969782550,529661.4,55550.8
1301,2020-04-17,51400,32041675,5969782550,529661.4,55550.8
1302,2020-04-20,50100,21866354,5969782550,529661.4,55550.8
1303,2020-04-21,49250,27407543,5969782550,529661.4,55550.8
1304,2020-04-22,49850,18613864,5969782550,529661.4,55550.8
1305,2020-04-23,49850,18754442,5969782550,529661.4,55550.8
1306,2020-04-24,49350,15618347,5969782550,529661.4,55550.8
1307,2020-04-27,49850,14049471,5969782550,529661.4,55550.8
1308,2020-04-28,50100,16095399,5969782550,529661.4,55550.8
1309,2020-04-29,50000,15604533,5969782550,529661.4,55550.8
1310,2020-05-04,48500,26083749,5969782550,529661.4,55550.8
1311,2020-05-06,49200,18070225,5969782550,529661.4,55550.8
1312,2020-05-07,48800,13884411,5969782550,529661.4,55550.8
1313,2020-05-08,48800,15319700,5969782550,529661.4,55550.8
1314,2020-05-11,48400,16357743,5969782550,529661.4,55550.8
1315,2020-05-12,47900,23433590,5969782550,529661.4,55550.8
1316,2020-05-13,48550,20223277,5969782550,529661.4,55550.8
1317,2020-05-14,48000,19305974,5969782550,529661.4,55550.8
1318,2020-05-15,47850,18463118,5969782550,529661.4,55550.8
1319,2020-05-18,48800,20481981,5969782550,529661.4,55550.8
1320,2020-05-19,50300,25168295,5969782550,529661.4,55550.8
1321,2020-05-20,50000,14896899,5969782550,529661.4,55550.8
1322,2020-05-21,49950,14949266,5969782550,529661.4,55550.8
1323,2020-05-22,48750,19706284,5969782550,529661.4,55550.8
1324,2020-05-25,48850,14337913,5969782550,529661.4,55550.8
1325,2020-05-26,49250,15127490,5969782550,529661.4,55550.8
1326,2020-05-27,49900,19548479,5969782550,529661.4,55550.8
1327,2020-05-28,50400,31309318,5969782550,529661.4,55550.8
1328,2020-05-29,50700,27596961,5969782550,529661.4,55550.8
1329,2020-06-01,51200,16949183,5969782550,529661.4,55550.8
1330,2020-06-02,51400,14247933,5969782550,529661.4,55550.8
1331,2020-06-03,54500,49257814,5969782550,529661.4,55550.8
1332,2020-06-04,54600,40220334,5969782550,529661.4,55550.8
1333,2020-06-05,55500,22743629,5969782550,529661.4,55550.8
1334,2020-06-08,54900,25634965,5969782550,529661.4,55550.8
1335,2020-06-09,55500,23998831,5969782550,529661.4,55550.8
1336,2020-06-10,55400,16742493,5969782550,529661.4,55550.8
1337,2020-06-11,54300,33815123,5969782550,529661.4,55550.8
1338,2020-06-12,52300,26976019,5969782550,529661.4,55550.8
1339,2020-06-15,49900,28772921,5969782550,529661.4,55550.8
1340,2020-06-16,52100,21808375,5969782550,529661.4,55550.8
1341,2020-06-17,52200,26672595,5969782550,529661.4,55550.8
1342,2020-06-18,52300,15982926,5969782550,529661.4,55550.8
1343,2020-06-19,52900,18157985,5969782550,529661.4,55550.8
1344,2020-06-22,52000,13801350,5969782550,529661.4,55550.8
1345,2020-06-23,51400,18086152,5969782550,529661.4,55550.8
1346,2020-06-24,52900,24519552,5969782550,529661.4,55550.8
1347,2020-06-25,51900,18541624,5969782550,529661.4,55550.8
1348,2020-06-26,53300,21575360,5969782550,529661.4,55550.8
1349,2020-06-29,52400,17776925,5969782550,529661.4,55550.8
1350,2020-06-30,52800,21157172,5969782550,529661.4,55550.8
1351,2020-07-01,52600,16706143,5969782550,669641.6,93606.9
1352,2020-07-02,52900,14142583,5969782550,669641.6,93606.9
1353,2020-07-03,53600,11887868,5969782550,669641.6,93606.9
1354,2020-07-06,55000,19856623,5969782550,669641.6,93606.9
1355,2020-07-07,53400,30760032,5969782550,669641.6,93606.9
1356,2020-07-08,53000,19664652,5969782550,669641.6,93606.9
1357,2020-07-09,52800,17054850,5969782550,669641.6,93606.9
1358,2020-07-10,52700,13714746,5969782550,669641.6,93606.9
1359,2020-07-13,53400,12240188,5969782550,669641.6,93606.9
1360,2020-07-14,53800,14269484,5969782550,669641.6,93606.9
1361,2020-07-15,54700,24051450,5969782550,669641.6,93606.9
1362,2020-07-16,53800,16779127,5969782550,669641.6,93606.9
1363,2020-07-17,54400,10096174,5969782550,669641.6,93606.9
1364,2020-07-20,54200,10507530,5969782550,669641.6,93606.9
1365,2020-07-21,55300,18297260,5969782550,669641.6,93606.9
1366,2020-07-22,54700,12885057,5969782550,669641.6,93606.9
1367,2020-07-23,54100,16214932,5969782550,669641.6,93606.9
1368,2020-07-24,54200,10994535,5969782550,669641.6,93606.9
1369,2020-07-27,55600,21054421,5969782550,669641.6,93606.9
1370,2020-07-28,58600,48431566,5969782550,669641.6,93606.9
1371,2020-07-29,59000,36476611,5969782550,669641.6,93606.9
1372,2020-07-30,59000,19285354,5969782550,669641.6,93606.9
1373,2020-07-31,57900,21943345,5969782550,669641.6,93606.9
1374,2020-08-03,56800,21158940,5969782550,669641.6,93606.9
1375,2020-08-04,57300,19419694,5969782550,669641.6,93606.9
1376,2020-08-05,56900,17739706,5969782550,669641.6,93606.9
1377,2020-08-06,58000,21625874,5969782550,669641.6,93606.9
1378,2020-08-07,57500,18751717,5969782550,669641.6,93606.9
1379,2020-08-10,57800,17774291,5969782550,669641.6,93606.9
1380,2020-08-11,58200,24907912,5969782550,669641.6,93606.9
1381,2020-08-12,59000,18573934,5969782550,669641.6,93606.9
1382,2020-08-13,58700,22089460,5969782550,669641.6,93606.9
1383,2020-08-14,58000,15672548,5969782550,669641.6,93606.9
1384,2020-08-18,58400,25307825,5969782550,669641.6,93606.9
1385,2020-08-19,57800,16930719,5969782550,669641.6,93606.9
1386,2020-08-20,55400,30386029,5969782550,669641.6,93606.9
1387,2020-08-21,55900,21142288,5969782550,669641.6,93606.9
1388,2020-08-24,56100,15055896,5969782550,669641.6,93606.9
1389,2020-08-25,56400,14021705,5969782550,669641.6,93606.9
1390,2020-08-26,56400,17651593,5969782550,669641.6,93606.9
1391,2020-08-27,55600,16196568,5969782550,669641.6,93606.9
1392,2020-08-28,55400,14619888,5969782550,669641.6,93606.9
1393,2020-08-31,54000,32671367,5969782550,669641.6,93606.9
1394,2020-09-01,54200,19363117,5969782550,669641.6,93606.9
1395,2020-09-02,54400,16905723,5969782550,669641.6,93606.9
1396,2020-09-03,56400,28384920,5969782550,669641.6,93606.9
1397,2020-09-04,55600,22139109,5969782550,669641.6,93606.9
1398,2020-09-07,56500,18685880,5969782550,669641.6,93606.9
1399,2020-09-08,58700,31517520,5969782550,669641.6,93606.9
1400,2020-09-09,58400,30597399,5969782550,669641.6,93606.9
1401,2020-09-10,59200,29923293,5969782550,669641.6,93606.9
1402,2020-09-11,59000,16017098,5969782550,669641.6,93606.9
1403,2020-09-14,60400,20648281,5969782550,669641.6,93606.9
1404,2020-09-15,61000,17877075,5969782550,669641.6,93606.9
1405,2020-09-16,61000,17041444,5969782550,669641.6,93606.9
1406,2020-09-17,59500,25108356,5969782550,669641.6,93606.9
1407,2020-09-18,59300,18884571,5969782550,669641.6,93606.9
1408,2020-09-21,59200,15140387,5969782550,669641.6,93606.9
1409,2020-09-22,58200,20830381,5969782550,669641.6,93606.9
1410,2020-09-23,58600,20111398,5969782550,669641.6,93606.9
1411,2020-09-24,57800,17564020,5969782550,669641.6,93606.9
1412,2020-09-25,57900,11444683,5969782550,669641.6,93606.9
1413,2020-09-28,58200,12614080,5969782550,669641.6,93606.9
1414,2020-09-29,58200,15503563,5969782550,669641.6,93606.9
1415,2020-10-05,58700,20228289,5969782550,615515,66071.3
1416,2020-10-06,59000,14463826,5969782550,615515,66071.3
1417,2020-10-07,59900,14861838,5969782550,615515,66071.3
1418,2020-10-08,59700,24589924,5969782550,615515,66071.3
1419,2020-10-12,60400,16145837,5969782550,615515,66071.3
1420,2020-10-13,60900,19247631,5969782550,615515,66071.3
1421,2020-10-14,60900,16086716,5969782550,615515,66071.3
1422,2020-10-15,60000,17756232,5969782550,615515,66071.3
1423,2020-10-16,59500,16554190,5969782550,615515,66071.3
1424,2020-10-19,60000,14474985,5969782550,615515,66071.3
1425,2020-10-20,60900,19326115,5969782550,615515,66071.3
1426,2020-10-21,60900,15703443,5969782550,615515,66071.3
1427,2020-10-22,60100,14294095,5969782550,615515,66071.3
1428,2020-10-23,60200,9322232,5969782550,615515,66071.3
1429,2020-10-26,60400,13268226,5969782550,615515,66071.3
1430,2020-10-27,59800,17260416,5969782550,615515,66071.3
1431,2020-10-28,59000,14428882,5969782550,615515,66071.3
1432,2020-10-29,58100,22636966,5969782550,615515,66071.3
1433,2020-10-30,56600,26907844,5969782550,615515,66071.3
1434,2020-11-02,57400,20489076,5969782550,615515,66071.3
1435,2020-11-03,58800,14950919,5969782550,615515,66071.3
1436,2020-11-04,58500,21718561,5969782550,615515,66071.3
1437,2020-11-05,60300,20639475,5969782550,615515,66071.3
1438,2020-11-06,60100,16910230,5969782550,615515,66071.3
1439,2020-11-09,60200,15892961,5969782550,615515,66071.3
1440,2020-11-10,60200,19073552,5969782550,615515,66071.3
1441,2020-11-11,61300,25628510,5969782550,615515,66071.3
1442,2020-11-12,61000,19800573,5969782550,615515,66071.3
1443,2020-11-13,63200,31508829,5969782550,615515,66071.3
1444,2020-11-16,66300,36354334,5969782550,615515,66071.3
1445,2020-11-17,65700,30204089,5969782550,615515,66071.3
1446,2020-11-18,64800,22963790,5969782550,615515,66071.3
1447,2020-11-19,64600,16590290,5969782550,615515,66071.3
1448,2020-11-20,64700,15068682,5969782550,615515,66071.3
1449,2020-11-23,67500,27134398,5969782550,615515,66071.3
1450,2020-11-24,67700,32158235,5969782550,615515,66071.3
1451,2020-11-25,66600,32447065,5969782550,615515,66071.3
1452,2020-11-26,68000,19023323,5969782550,615515,66071.3
1453,2020-11-27,68200,14063434,5969782550,615515,66071.3
1454,2020-11-30,66700,43811016,5969782550,615515,66071.3
1455,2020-12-01,67800,22327173,5969782550,615515,66071.3
1456,2020-12-02,69500,29703942,5969782550,615515,66071.3
1457,2020-12-03,69700,23677989,5969782550,615515,66071.3
1458,2020-12-04,71500,28130533,5969782550,615515,66071.3
1459,2020-12-07,72900,28490496,5969782550,615515,66071.3
1460,2020-12-08,71700,25000338,5969782550,615515,66071.3
1461,2020-12-09,73900,24077996,5969782550,615515,66071.3
1462,2020-12-10,72900,39882928,5969782550,615515,66071.3
1463,2020-12-11,73400,18486672,5969782550,615515,66071.3
1464,2020-12-14,73800,21510415,5969782550,615515,66071.3
1465,2020-12-15,73800,20863671,5969782550,615515,66071.3
1466,2020-12-16,73800,17512081,5969782550,615515,66071.3
1467,2020-12-17,73300,24293214,5969782550,615515,66071.3
1468,2020-12-18,73000,17613029,5969782550,615515,66071.3
1469,2020-12-21,73000,20367355,5969782550,615515,66071.3
1470,2020-12-22,72300,16304910,5969782550,615515,66071.3
1471,2020-12-23,73900,19411326,5969782550,615515,66071.3
1472,2020-12-24,77800,32502870,5969782550,615515,66071.3
1473,2020-12-28,78700,40085044,5969782550,615515,66071.3
1474,2020-12-29,78300,30339449,5969782550,615515,66071.3
1475,2020-12-30,81000,29417421,5969782550,615515,66071.3
1476,2021-01-04,83000,38655276,5969782550,653885,71416.9
1477,2021-01-05,83900,35335669,5969782550,653885,71416.9
1478,2021-01-06,82200,42089013,5969782550,653885,71416.9
1479,2021-01-07,82900,32644642,5969782550,653885,71416.9
1480,2021-01-08,88800,59013307,5969782550,653885,71416.9
1481,2021-01-11,91000,90306177,5969782550,653885,71416.9
1482,2021-01-12,90600,48682416,5969782550,653885,71416.9
1483,2021-01-13,89700,36068848,5969782550,653885,71416.9
1484,2021-01-14,89700,26393970,5969782550,653885,71416.9
1485,2021-01-15,88000,33431809,5969782550,653885,71416.9
1486,2021-01-18,85000,43227951,5969782550,653885,71416.9
1487,2021-01-19,87000,39895044,5969782550,653885,71416.9
1488,2021-01-20,87200,25211127,5969782550,653885,71416.9
1489,2021-01-21,88100,25318011,5969782550,653885,71416.9
1490,2021-01-22,86800,30861661,5969782550,653885,71416.9
1491,2021-01-25,89400,27258534,5969782550,653885,71416.9
1492,2021-01-26,86700,33178936,5969782550,653885,71416.9
1493,2021-01-27,85600,26423070,5969782550,653885,71416.9
1494,2021-01-28,83700,31859808,5969782550,653885,71416.9
1495,2021-01-29,82000,39615978,5969782550,653885,71416.9
1496,2021-02-01,83000,28046832,5969782550,653885,71416.9
1497,2021-02-02,84400,26302077,5969782550,653885,71416.9
1498,2021-02-03,84600,22112205,5969782550,653885,71416.9
1499,2021-02-04,82500,24171688,5969782550,653885,71416.9
1500,2021-02-05,83500,18036835,5969782550,653885,71416.9
1501,2021-02-08,83000,15338765,5969782550,653885,71416.9
1502,2021-02-09,82700,20898332,5969782550,653885,71416.9
1503,2021-02-10,81600,23025766,5969782550,653885,71416.9
1504,2021-02-15,84200,23529706,5969782550,653885,71416.9
1505,2021-02-16,84900,20483100,5969782550,653885,71416.9
1506,2021-02-17,83200,18307735,5969782550,653885,71416.9
1507,2021-02-18,82100,21327683,5969782550,653885,71416.9
1508,2021-02-19,82600,25880879,5969782550,653885,71416.9
1509,2021-02-22,82200,25419886,5969782550,653885,71416.9
1510,2021-02-23,82000,20587314,5969782550,653885,71416.9
1511,2021-02-24,82000,26807651,5969782550,653885,71416.9
1512,2021-02-25,85300,34155986,5969782550,653885,71416.9
1513,2021-02-26,82500,38520800,5969782550,653885,71416.9
1514,2021-03-02,83600,33498180,5969782550,653885,71416.9
1515,2021-03-03,84000,19882132,5969782550,653885,71416.9
1516,2021-03-04,82400,24348331,5969782550,653885,71416.9
1517,2021-03-05,82100,20508971,5969782550,653885,71416.9
1518,2021-03-08,82000,17641256,5969782550,653885,71416.9
1519,2021-03-09,81400,25420764,5969782550,653885,71416.9
1520,2021-03-10,80900,20038422,5969782550,653885,71416.9
1521,2021-03-11,82000,23818297,5969782550,653885,71416.9
1522,2021-03-12,82800,13530573,5969782550,653885,71416.9
1523,2021-03-15,81800,13735798,5969782550,653885,71416.9
1524,2021-03-16,82800,12293537,5969782550,653885,71416.9
1525,2021-03-17,82300,11625146,5969782550,653885,71416.9
1526,2021-03-18,82900,18585244,5969782550,653885,71416.9
1527,2021-03-19,81900,15869700,5969782550,653885,71416.9
1528,2021-03-22,82000,12670506,5969782550,653885,71416.9
1529,2021-03-23,81800,13299907,5969782550,653885,71416.9
1530,2021-03-24,81000,17926638,5969782550,653885,71416.9
1531,2021-03-25,81200,14758826,5969782550,653885,71416.9
1532,2021-03-26,81500,12845778,5969782550,653885,71416.9
1533,2021-03-29,81600,14952134,5969782550,653885,71416.9
1534,2021-03-30,82200,13121698,5969782550,653885,71416.9
1535,2021-03-31,81400,17240518,5969782550,653885,71416.9
1536,2021-04-01,82900,18676461,5969782550,636715.9,96344.9
1537,2021-04-02,84800,22997538,5969782550,636715.9,96344.9
1538,2021-04-05,85400,16255990,5969782550,636715.9,96344.9
1539,2021-04-06,86000,19042023,5969782550,636715.9,96344.9
1540,2021-04-07,85600,17885538,5969782550,636715.9,96344.9
1541,2021-04-08,84700,19244259,5969782550,636715.9,96344.9
1542,2021-04-09,83600,18193707,5969782550,636715.9,96344.9
1543,2021-04-12,83200,12915282,5969782550,636715.9,96344.9
1544,2021-04-13,84000,15238206,5969782550,636715.9,96344.9
1545,2021-04-14,84000,13794652,5969782550,636715.9,96344.9
1546,2021-04-15,84100,16377412,5969782550,636715.9,96344.9
1547,2021-04-16,83900,15429522,5969782550,636715.9,96344.9
1548,2021-04-19,83300,15287311,5969782550,636715.9,96344.9
1549,2021-04-20,83900,15521965,5969782550,636715.9,96344.9
1550,2021-04-21,82600,21636079,5969782550,636715.9,96344.9
1551,2021-04-22,82400,13934746,5969782550,636715.9,96344.9
1552,2021-04-23,82800,17805080,5969782550,636715.9,96344.9
1553,2021-04-26,83500,15489938,5969782550,636715.9,96344.9
1554,2021-04-27,82900,12941533,5969782550,636715.9,96344.9
1555,2021-04-28,82100,15596759,5969782550,636715.9,96344.9
1556,2021-04-29,81700,20000973,5969782550,636715.9,96344.9
1557,2021-04-30,81500,18673197,5969782550,636715.9,96344.9
1558,2021-05-03,81700,15710336,5969782550,636715.9,96344.9
1559,2021-05-04,82600,12532550,5969782550,636715.9,96344.9
1560,2021-05-06,82300,17047511,5969782550,636715.9,96344.9
1561,2021-05-07,81900,14154882,5969782550,636715.9,96344.9
1562,2021-05-10,83200,19385027,5969782550,636715.9,96344.9
1563,2021-05-11,81200,28996680,5969782550,636715.9,96344.9
1564,2021-05-12,80000,35812268,5969782550,636715.9,96344.9
1565,2021-05-13,78500,31490096,5969782550,636715.9,96344.9
1566,2021-05-14,80100,16450920,5969782550,636715.9,96344.9
1567,2021-05-17,79600,17740855,5969782550,636715.9,96344.9
1568,2021-05-18,79600,17494407,5969782550,636715.9,96344.9
1569,2021-05-20,79500,16541828,5969782550,636715.9,96344.9
1570,2021-05-21,80100,20961714,5969782550,636715.9,96344.9
1571,2021-05-24,79700,13398666,5969782550,636715.9,96344.9
1572,2021-05-25,79900,13628942,5969782550,636715.9,96344.9
1573,2021-05-26,79800,11984359,5969782550,636715.9,96344.9
1574,2021-05-27,79600,23198510,5969782550,636715.9,96344.9
1575,2021-05-28,80100,12360199,5969782550,636715.9,96344.9
1576,2021-05-31,80500,13321324,5969782550,636715.9,96344.9
1577,2021-06-01,80600,14058401,5969782550,636715.9,96344.9
1578,2021-06-02,80800,16414644,5969782550,636715.9,96344.9
1579,2021-06-03,82800,29546007,5969782550,636715.9,96344.9
1580,2021-06-04,82200,18112259,5969782550,636715.9,96344.9
1581,2021-06-07,81900,16496197,5969782550,636715.9,96344.9
1582,2021-06-08,81900,12781226,5969782550,636715.9,96344.9
1583,2021-06-09,81100,14908823,5969782550,636715.9,96344.9
1584,2021-06-10,81000,17586995,5969782550,636715.9,96344.9
1585,2021-06-11,81000,14087962,5969782550,636715.9,96344.9
1586,2021-06-14,80500,10550078,5969782550,636715.9,96344.9
1587,2021-06-15,80900,10075685,5969782550,636715.9,96344.9
1588,2021-06-16,81800,14999855,5969782550,636715.9,96344.9
1589,2021-06-17,80900,14007385,5969782550,636715.9,96344.9
1590,2021-06-18,80500,14916721,5969782550,636715.9,96344.9
1591,2021-06-21,79900,16063340,5969782550,636715.9,96344.9
1592,2021-06-22,80000,11773365,5969782550,636715.9,96344.9
1593,2021-06-23,80100,13856548,5969782550,636715.9,96344.9
1594,2021-06-24,81200,18771080,5969782550,636715.9,96344.9
1595,2021-06-25,81600,13481405,5969782550,636715.9,96344.9
1596,2021-06-28,81900,11578529,5969782550,636715.9,96344.9
1597,2021-06-29,81000,15744317,5969782550,636715.9,96344.9
1598,2021-06-30,80700,13288643,5969782550,636715.9,96344.9
1599,2021-07-01,80100,13382882,5969782550,739791.9,122933.3
1600,2021-07-02,80000,8753097,5969782550,739791.9,122933.3
1601,2021-07-05,80400,8330969,5969782550,739791.9,122933.3
1602,2021-07-06,81200,12131651,5969782550,739791.9,122933.3
1603,2021-07-07,80800,15992202,5969782550,739791.9,122933.3
1604,2021-07-08,79900,16660998,5969782550,739791.9,122933.3
1605,2021-07-09,79400,22720577,5969782550,739791.9,122933.3
1606,2021-07-12,79700,9768108,5969782550,739791.9,122933.3
1607,2021-07-13,79800,9863450,5969782550,739791.9,122933.3
1608,2021-07-14,79500,11575636,5969782550,739791.9,122933.3
1609,2021-07-15,80600,13766279,5969782550,739791.9,122933.3
1610,2021-07-16,79800,10859399,5969782550,739791.9,122933.3
1611,2021-07-19,79000,13155414,5969782550,739791.9,122933.3
1612,2021-07-20,79000,12456646,5969782550,739791.9,122933.3
1613,2021-07-21,78500,12355296,5969782550,739791.9,122933.3
1614,2021-07-22,79700,12618790,5969782550,739791.9,122933.3
1615,2021-07-23,79300,9098910,5969782550,739791.9,122933.3
1616,2021-07-26,78800,10040975,5969782550,739791.9,122933.3
1617,2021-07-27,78500,11427693,5969782550,739791.9,122933.3
1618,2021-07-28,79200,12743417,5969782550,739791.9,122933.3
1619,2021-07-29,79000,14360453,5969782550,739791.9,122933.3
1620,2021-07-30,78500,13823411,5969782550,739791.9,122933.3
1621,2021-08-02,79300,11739124,5969782550,739791.9,122933.3
1622,2021-08-03,81400,24339360,5969782550,739791.9,122933.3
1623,2021-08-04,82900,25642368,5969782550,739791.9,122933.3
1624,2021-08-05,82100,18485469,5969782550,739791.9,122933.3
1625,2021-08-06,81500,13342623,5969782550,739791.9,122933.3
1626,2021-08-09,81500,15522581,5969782550,739791.9,122933.3
1627,2021-08-10,80200,20362639,5969782550,739791.9,122933.3
1628,2021-08-11,78500,30241137,5969782550,739791.9,122933.3
1629,2021-08-12,77000,42365223,5969782550,739791.9,122933.3
1630,2021-08-13,74400,61270643,5969782550,739791.9,122933.3
1631,2021-08-17,74200,30944847,5969782550,739791.9,122933.3
1632,2021-08-18,73900,29192631,5969782550,739791.9,122933.3
1633,2021-08-19,73100,22166298,5969782550,739791.9,122933.3
1634,2021-08-20,72700,22364803,5969782550,739791.9,122933.3
1635,2021-08-23,73300,19384648,5969782550,739791.9,122933.3
1636,2021-08-24,75600,21016913,5969782550,739791.9,122933.3
1637,2021-08-25,75700,22319664,5969782550,739791.9,122933.3
1638,2021-08-26,74600,16671494,5969782550,739791.9,122933.3
1639,2021-08-27,74300,15172748,5969782550,739791.9,122933.3
1640,2021-08-30,74600,12686999,5969782550,739791.9,122933.3
1641,2021-08-31,76700,24630370,5969782550,739791.9,122933.3
1642,2021-09-01,76800,16114775,5969782550,739791.9,122933.3
1643,2021-09-02,76000,15347486,5969782550,739791.9,122933.3
1644,2021-09-03,76600,12096419,5969782550,739791.9,122933.3
1645,2021-09-06,77300,12861180,5969782550,739791.9,122933.3
1646,2021-09-07,76100,13239401,5969782550,739791.9,122933.3
1647,2021-09-08,76300,11798147,5969782550,739791.9,122933.3
1648,2021-09-09,75300,17600770,5969782550,739791.9,122933.3
1649,2021-09-10,75300,10103212,5969782550,739791.9,122933.3
1650,2021-09-13,76300,11397775,5969782550,739791.9,122933.3
1651,2021-09-14,76600,18167057,5969782550,739791.9,122933.3
1652,2021-09-15,77000,12829128,5969782550,739791.9,122933.3
1653,2021-09-16,76100,13067622,5969782550,739791.9,122933.3
1654,2021-09-17,77200,16289502,5969782550,739791.9,122933.3
1655,2021-09-23,77400,17055590,5969782550,739791.9,122933.3
1656,2021-09-24,77300,12247274,5969782550,739791.9,122933.3
1657,2021-09-27,77700,11699798,5969782550,739791.9,122933.3
1658,2021-09-28,76300,15406382,5969782550,739791.9,122933.3
1659,2021-09-29,74100,23992458,5969782550,739791.9,122933.3
1660,2021-09-30,74100,19919361,5969782550,739791.9,122933.3
1661,2021-10-01,73200,15803395,5969782550,765655.2,108379.5
1662,2021-10-05,72200,24013921,5969782550,765655.2,108379.5
1663,2021-10-06,71300,18956962,5969782550,765655.2,108379.5
1664,2021-10-07,71600,13683532,5969782550,765655.2,108379.5
1665,2021-10-08,71500,14043287,5969782550,765655.2,108379.5
1666,2021-10-12,69000,31001484,5969782550,765655.2,108379.5
1667,2021-10-13,68800,24172015,5969782550,765655.2,108379.5
1668,2021-10-14,69400,19520641,5969782550,765655.2,108379.5
1669,2021-10-15,70100,18051612,5969782550,765655.2,108379.5
1670,2021-10-18,70200,13486391,5969782550,765655.2,108379.5
1671,2021-10-19,70600,9507991,5969782550,765655.2,108379.5
1672,2021-10-20,70300,10151638,5969782550,765655.2,108379.5
1673,2021-10-21,70200,10891094,5969782550,765655.2,108379.5
1674,2021-10-22,70400,8395448,5969782550,765655.2,108379.5
1675,2021-10-25,70200,10029621,5969782550,765655.2,108379.5
1676,2021-10-26,71100,10528252,5969782550,765655.2,108379.5
1677,2021-10-27,70100,10295316,5969782550,765655.2,108379.5
1678,2021-10-28,70700,20644902,5969782550,765655.2,108379.5
1679,2021-10-29,69800,17016151,5969782550,765655.2,108379.5
1680,2021-11-01,69900,11503729,5969782550,765655.2,108379.5
1681,2021-11-02,71500,16812570,5969782550,765655.2,108379.5
1682,2021-11-03,70400,12770428,5969782550,765655.2,108379.5
1683,2021-11-04,70600,11818987,5969782550,765655.2,108379.5
1684,2021-11-05,70200,12667743,5969782550,765655.2,108379.5
1685,2021-11-08,70600,11121981,5969782550,765655.2,108379.5
1686,2021-11-09,70500,11159589,5969782550,765655.2,108379.5
1687,2021-11-10,70200,9422009,5969782550,765655.2,108379.5
1688,2021-11-11,69900,11489122,5969782550,765655.2,108379.5
1689,2021-11-12,70600,10087450,5969782550,765655.2,108379.5
1690,2021-11-15,71400,12420710,5969782550,765655.2,108379.5
1691,2021-11-16,71300,10919239,5969782550,765655.2,108379.5
1692,2021-11-17,70700,11027606,5969782550,765655.2,108379.5
1693,2021-11-18,70200,10144957,5969782550,765655.2,108379.5
1694,2021-11-19,71200,11954728,5969782550,765655.2,108379.5
1695,2021-11-22,74900,27506623,5969782550,765655.2,108379.5
1696,2021-11-23,75300,22029195,5969782550,765655.2,108379.5
1697,2021-11-24,74800,15652305,5969782550,765655.2,108379.5
1698,2021-11-25,73700,12559258,5969782550,765655.2,108379.5
1699,2021-11-26,72300,13002242,5969782550,765655.2,108379.5
1700,2021-11-29,72300,16682559,5969782550,765655.2,108379.5
1701,2021-11-30,71300,30364841,5969782550,765655.2,108379.5
1702,2021-12-01,74400,21954856,5969782550,765655.2,108379.5
1703,2021-12-02,75800,23652940,5969782550,765655.2,108379.5
1704,2021-12-03,75600,18330240,5969782550,765655.2,108379.5
1705,2021-12-06,76300,16391250,5969782550,765655.2,108379.5
1706,2021-12-07,77400,19232453,5969782550,765655.2,108379.5
1707,2021-12-08,77400,21558340,5969782550,765655.2,108379.5
1708,2021-12-09,78200,21604528,5969782550,765655.2,108379.5
1709,2021-12-10,76900,9155219,5969782550,765655.2,108379.5
1710,2021-12-13,76800,15038750,5969782550,765655.2,108379.5
1711,2021-12-14,77000,10976660,5969782550,765655.2,108379.5
1712,2021-12-15,77600,9584939,5969782550,765655.2,108379.5
1713,2021-12-16,77800,11996128,5969782550,765655.2,108379.5
1714,2021-12-17,78000,13108479,5969782550,765655.2,108379.5
1715,2021-12-20,77100,11264375,5969782550,765655.2,108379.5
1716,2021-12-21,78100,14245298,5969782550,765655.2,108379.5
1717,2021-12-22,79400,17105892,5969782550,765655.2,108379.5
1718,2021-12-23,79900,13577498,5969782550,765655.2,108379.5
1719,2021-12-24,80500,12086380,5969782550,765655.2,108379.5
1720,2021-12-27,80200,10783368,5969782550,765655.2,108379.5
1721,2021-12-28,80300,18226325,5969782550,765655.2,108379.5
1722,2021-12-29,78800,19794795,5969782550,765655.2,108379.5
1723,2021-12-30,78300,14236700,5969782550,765655.2,108379.5
